Workbook
Name \0: #N/A
Name \a: #N/A
Name \b: #N/A
Name \c: #N/A
Name \d: #N/A
Name \e: #N/A
Name \f: #N/A
Name \g: #N/A
Name \h: #N/A
Name \i: #N/A
Name \j: #N/A
Name \k: #N/A
Name \KWS123: #N/A
Name \l: '[1]合成単価作成表-BLDG'!#REF!
Name \m: #N/A
Name \n: #N/A
Name \p: #N/A
Name \q: #N/A
Name \r: #REF!
Name \s: #N/A
Name \t: #N/A
Name \z: #N/A
Name _______________________wer12: #N/A
Name ______________________wer12: #N/A
Name _____________________wer12: #N/A
Name ____________________wer12: #N/A
Name ___________________wer12: #N/A
Name __________________wer12: #N/A
Name _________________wer12: #N/A
Name ________________Esc1: #REF!
Name ________________pay5: #REF!
Name ________________PCF1: #REF!
Name ________________SVF1: #REF!
Name ________________wer12: #N/A
Name _______________Esc1: #REF!
Name _______________pay5: #REF!
Name _______________PCF1: #REF!
Name _______________SVF1: #REF!
Name _______________wer12: #N/A
Name ______________AOC2: #REF!
Name ______________DDD2: #N/A
Name ______________DDD3: #N/A
Name ______________DDD4: #N/A
Name ______________DDD5: #N/A
Name ______________DEL1: '[3]공정율 기초 Data'!$B$97
Name ______________DEL2: '[3]공정율 기초 Data'!$B$98
Name ______________ELL45: #REF!
Name ______________ELL90: #REF!
Name ______________Esc1: #REF!
Name ______________ins1: '[4]가격분석@1100(990104)'!$AC$10
Name ______________MPR1: #N/A
Name ______________MPR2: #N/A
Name ______________MPR3: #N/A
Name ______________ofc1: #REF!
Name ______________pay5: #REF!
Name ______________PCF1: #REF!
Name ______________RE100: #REF!
Name ______________RE104: #REF!
Name ______________RE112: #REF!
Name ______________RE26: #REF!

Sheet S(Week)
A1: Progress
A2: ='L3'!A1 -> DD : 01-Apr-2026 (159th Weeks)
N3: 46113
A4: S/N | B4: Phase | D4: Budget | E4: Weight Factor | F4: Up to Last Week (~03/25) | I4: This Week (~03/26~04/01) | L4: Accumulate (~04/01)
F5: Plan | G5: Act | H5: Gap | I5: Plan | J5: Act | K5: Gap | L5: Plan | M5: Act | N5: Gap
A6: 1 | B6: Construction | D6: =Sheet2!F2 -> 50102810 | E6: 0.5 | F6: 0.99495044 | G6: 0.34883743 | H6: -0.64611302 | I6: =L6-F6 -> 6.6782681e-05 | J6: =M6-G6 -> 0.0041356911 | K6: =J6-I6 -> 0.0040689084 | L6: ='L3'!I1 -> 0.99501723 | M6: ='L3'!N1 -> 0.35297312 | N6: =M6-L6 -> -0.64204411

Sheet L3
A1: DD : 01-Apr-2026 (159th Weeks) | D1: =D4 -> 50102810 | E1: =SUMIFS($E$10:$E$2459,$A$10:$A$2459,"9") -> 49853159 | F1: =IFERROR(SUMIFS($F$10:$F$2459,$A$10:$A$2459,"9"),0) -> 17684945 | H1: Total Plan | I1: =E1/D1 -> 0.99501723 | L1: Total Actual | N1: =F1/D1 -> 0.35297312 | T1: Gap | U1: =N1-I1 -> -0.64204411
A2: WBS Level | B2: Activity ID | C2: Activity Name | D2: Budgeted Units | E2: Plan Units | F2: Actual Units | H2: Start | I2: Finish | J2: Duration | L2: Actual Start | N2: Actual Finish | P2: Quantities | U2: GAP | V2: Activity Status | W2: Weekly Progress | AC2: Dep | AD2: Local Staff | AE2: Korean Staff | AK2: 45109 | AL2: 45116 | AM2: 45123 | AN2: 45130 | AO2: 45137 | AP2: 45144 | AQ2: 45151 | AR2: 45158 | AS2: 45165 | AT2: 45172 | AU2: 45179 | AV2: 45186 | AW2: 45193 | AX2: 45200 | AY2: 45207 | AZ2: 45214 | BA2: 45221 | BB2: 45228 | BC2: 45235 | BD2: 45242 | BE2: 45249 | BF2: 45256 | BG2: 45263 | BH2: 45270 | BI2: 45277 | BJ2: 45284 | BK2: 45291 | BL2: 45298 | BM2: 45305 | BN2: 45312 | BO2: 45319 | BP2: 45326 | BQ2: 45333 | BR2: 45340 | BS2: 45347 | BT2: 45354 | BU2: 45361 | BV2: 45368 | BW2: 45375 | BX2: 45382 | BY2: 45389 | BZ2: 45396 | CA2: 45403 | CB2: 45410 | CC2: 45417 | CD2: 45424 | CE2: 45431 | CF2: 45438 | CG2: 45445 | CH2: 45452 | CI2: 45459 | CJ2: 45466 | CK2: 45473 | CL2: 45480 | CM2: 45487 | CN2: 45494 | CO2: 45501 | CP2: 45508 | CQ2: 45515 | CR2: 45522 | CS2: 45529 | CT2: 45536 | CU2: 45543 | CV2: 45550 | CW2: 45557 | CX2: 45564 | CY2: 45571 | CZ2: 45578 | DA2: 45585 | DB2: 45592 | DC2: 45599 | DD2: 45606 | DE2: 45613 | DF2: 45620 | DG2: 45627 | DH2: 45634 | DI2: 45641 | DJ2: 45648 | DK2: 45655 | DL2: 45662 | DM2: 45669 | DN2: 45676 | DO2: 45683 | DP2: 45690 | DQ2: 45697 | DR2: 45704 | DS2: 45711 | DT2: 45718 | DU2: 45725 | DV2: 45732 | DW2: 45739 | DX2: 45746 | DY2: 45753 | DZ2: 45760 | EA2: 45767 | EB2: 45774 | EC2: 45781 | ED2: 45788 | EE2: 45795 | EF2: 45802 | EG2: 45809 | EH2: 45816 | EI2: 45823 | EJ2: 45830 | EK2: 45837 | EL2: 45844 | EM2: 45851 | EN2: 45858 | EO2: 45865 | EP2: 45872 | EQ2: 45879 | ER2: 45886 | ES2: 45893 | ET2: 45900 | EU2: 45907 | EV2: 45914 | EW2: 45921 | EX2: 45928 | EY2: 45935 | EZ2: 45942 | FA2: 45949 | FB2: 45956 | FC2: 45963 | FD2: 45970 | FE2: 45977 | FF2: 45984 | FG2: 45991 | FH2: 45998 | FI2: 46005 | FJ2: 46012 | FK2: 46019 | FL2: 46026 | FM2: 46033 | FN2: 46040 | FO2: 46047 | FP2: 46054 | FQ2: 46061 | FR2: 46068 | FS2: 46075 | FT2: 46082 | FU2: 46089 | FV2: 46096 | FW2: 46103 | FX2: 46110 | FY2: 46117 | FZ2: 46124 | GA2: 46131 | GB2: 46138 | GC2: 46145 | GD2: 46152 | GE2: 46159 | GF2: 46166 | GG2: 46173 | GH2: 46180
G3: %(A) | P3: Actual Quantities | R3: Design Quantities | T3: %(B) | U3: (B-A) | W3: Previous week Total | X3: unit | Y3: This Week | Z3: unit | AA3: Actual Total | AB3: unit
A4: 0 | B4: Construction of a 1000MW CCGT Power Plant in the Turkistan Region, Main Site_New Site | D4: 50102810 | H4: 45089 | I4: 46181 | J4: 937 | AP4: 467 | AQ4: 467 | AR4: 467 | AS4: 467 | AT4: 467 | AU4: 11898 | AV4: 34759 | AW4: 29273 | AX4: 13406 | AY4: 7629 | AZ4: 9226 | BA4: 13606 | BB4: 13606 | BC4: 13541 | BD4: 13139 | BE4: 12099 | BF4: 6570 | BG4: 2728 | BM4: 1104 | BN4: 1073 | BO4: 817 | BP4: 543 | BQ4: 266 | BR4: 42 | CC4: 70 | CD4: 551 | CE4: 3058 | CF4: 17583 | CG4: 82476 | CH4: 88153 | CI4: 96368 | CJ4: 153489 | CK4: 235381 | CL4: 294696 | CM4: 434172 | CN4: 472392 | CO4: 378701 | CP4: 286904 | CQ4: 263291 | CR4: 208839 | CS4: 219254 | CT4: 239920 | CU4: 309852 | CV4: 298282 | CW4: 359332 | CX4: 615241 | CY4: 764704 | CZ4: 795831 | DA4: 766045 | DB4: 742097 | DC4: 847236 | DD4: 1030887 | DE4: 875032 | DF4: 743328 | DG4: 780703 | DH4: 790027 | DI4: 544088 | DJ4: 403905 | DK4: 452610 | DL4: 669855 | DM4: 945990 | DN4: 1034870 | DO4: 867829 | DP4: 812973 | DQ4: 861984 | DR4: 804109 | DS4: 547989 | DT4: 609346 | DU4: 505644 | DV4: 454729 | DW4: 565519 | DX4: 426537 | DY4: 332504 | DZ4: 411789 | EA4: 433324 | EB4: 826816 | EC4: 1071411 | ED4: 814336 | EE4: 721060 | EF4: 578530 | EG4: 606317 | EH4: 515061 | EI4: 513031 | EJ4: 608194 | EK4: 981210 | EL4: 1016836 | EM4: 988354 | EN4: 1083102 | EO4: 925063 | EP4: 929038 | EQ4: 1009933 | ER4: 791577 | ES4: 711563 | ET4: 632454 | EU4: 593631 | EV4: 597826 | EW4: 763890 | EX4: 771921 | EY4: 782271 | EZ4: 676671 | FA4: 930283 | FB4: 673632 | FC4: 785599 | FD4: 384719 | FE4: 417420 | FF4: 349677 | FG4: 277631 | FH4: 191653 | FI4: 192659 | FJ4: 163731 | FK4: 187392 | FL4: 177892 | FM4: 86261 | FN4: 72886 | FO4: 62614 | FP4: 52069 | FQ4: 29886 | FR4: 90549 | FS4: 81632 | FT4: 52387 | FU4: 97548 | FV4: 46710 | FW4: 10720 | FX4: 3346 | FY4: 298 | FZ4: 2808 | GA4: 8671 | GB4: 6672 | GC4: 10849 | GD4: 34581 | GE4: 12095 | GF4: 14258 | GG4: 14258 | GH4: 2163
A5: 1 | B5: Plant General | D5: 177344 | H5: 45089 | I5: 45266 | J5: 152 | AU5: 11431 | AV5: 34292 | AW5: 28806 | AX5: 12940 | AY5: 7162 | AZ5: 8760 | BA5: 13139 | BB5: 13139 | BC5: 13139 | BD5: 13139 | BE5: 12099 | BF5: 6570 | BG5: 2728
A6: 2 | B6: General Civil Works | D6: 177344 | H6: 45089 | I6: 45266 | J6: 152 | AU6: 11431 | AV6: 34292 | AW6: 28806 | AX6: 12940 | AY6: 7162 | AZ6: 8760 | BA6: 13139 | BB6: 13139 | BC6: 13139 | BD6: 13139 | BE6: 12099 | BF6: 6570 | BG6: 2728
A7: 3 | B7: Site Preparation | D7: 177344 | H7: 45184 | I7: 45266 | J7: 70 | AU7: 11431 | AV7: 34292 | AW7: 28806 | AX7: 12940 | AY7: 7162 | AZ7: 8760 | BA7: 13139 | BB7: 13139 | BC7: 13139 | BD7: 13139 | BE7: 12099 | BF7: 6570 | BG7: 2728
A8: 4 | B8: Construction Management | D8: 88672 | H8: 45184 | I8: 45266 | J8: 70 | AU8: 7117 | AV8: 21352 | AW8: 15866 | AZ8: 2190 | BA8: 6570 | BB8: 6570 | BC8: 6570 | BD8: 6570 | BE8: 6570 | BF8: 6570 | BG8: 2728
A9: 5 | B9: Civil & Architecture Team | D9: 88672 | H9: 45184 | I9: 45266 | J9: 70 | Y9: =IFERROR(IF(P9-W9=0, "", P9-W9), "") | AU9: 7117 | AV9: 21352 | AW9: 15866 | AZ9: 2190 | BA9: 6570 | BB9: 6570 | BC9: 6570 | BD9: 6570 | BE9: 6570 | BF9: 6570 | BG9: 2728
A10: 9 | B10: 0CF6010W10A7 | C10: Construction Permit & Mobilization | D10: 44336 | E10: {=SUMPRODUCT(($AK$2:$GH$2<='S(Week)'!$N$3)*(AK10:GH10)*1)} -> 44335 | F10: =IFERROR(E10*T10,0) -> 44335 | G10: =F10/E10 -> 1 | H10: 45184 | I10: 45198 | J10: 12 | M10: A | O10: A | P10: 100 | Q10: % | R10: 100 | S10: % | T10: =IFERROR($P10/$R10,0) -> 1 | U10: =T10-G10 -> 0 | V10: =IF(($M10="A")*($O10="A")>0,"Completed",IF($M10="A","In Progress","Not started")) -> Completed | W10: 100 | X10: % | Y10: =IFERROR(IF(P10-W10=0, "", P10-W10), "") | Z10: % | AA10: =IFERROR(W10+Y10,"") | AB10: % | AU10: 7117 | AV10: 21352 | AW10: 15866
A11: 9 | B11: 0CF6010W10A13 | C11: Temp. Facilities(Office & Camp, Fence Concrete Batch Plant & Others) | D11: 44336 | E11: {=SUMPRODUCT(($AK$2:$GH$2<='S(Week)'!$N$3)*(AK11:GH11)*1)} -> 44338 | F11: =IFERROR(E11*T11,0) -> 0 | H11: 45219 | I11: 45266 | J11: 40 | M11: A | O11: A | Q11: % | R11: 100 | S11: % | T11: =IFERROR($P11/$R11,0) -> 0 | U11: =T11-G11 -> 0 | V11: =IF(($M11="A")*($O11="A")>0,"Completed",IF($M11="A","In Progress","Not started")) -> Completed | X11: % | Y11: =IFERROR(IF(P11-W11=0, "", P11-W11), "") | Z11: % | AA11: =IFERROR(W11+Y11,"") | AB11: % | AZ11: 2190 | BA11: 6570 | BB11: 6570 | BC11: 6570 | BD11: 6570 | BE11: 6570 | BF11: 6570 | BG11: 2728
A12: 4 | B12: Survey & Soil Investigation | D12: 44336 | H12: 45184 | I12: 45208 | J12: 21 | Y12: =IFERROR(IF(P12-W12=0, "", P12-W12), "") | AA12: =IFERROR(W12+Y12,"") | AU12: 4313 | AV12: 12940 | AW12: 12940 | AX12: 12940 | AY12: 1204
A13: 5 | B13: Construction Management | D13: 44336 | H13: 45184 | I13: 45208 | J13: 21 | Y13: =IFERROR(IF(P13-W13=0, "", P13-W13), "") | AA13: =IFERROR(W13+Y13,"") | AU13: 4313 | AV13: 12940 | AW13: 12940 | AX13: 12940 | AY13: 1204
A14: 6 | B14: Civil & Architecture Team | D14: 44336 | H14: 45184 | I14: 45208 | J14: 21 | Y14: =IFERROR(IF(P14-W14=0, "", P14-W14), "") | AA14: =IFERROR(W14+Y14,"") | AU14: 4313 | AV14: 12940 | AW14: 12940 | AX14: 12940 | AY14: 1204
A15: 9 | B15: 0CF6010W10A8 | C15: Soil investigation | D15: 44336 | E15: {=SUMPRODUCT(($AK$2:$GH$2<='S(Week)'!$N$3)*(AK15:GH15)*1)} -> 44337 | F15: =IFERROR(E15*T15,0) -> 44337 | H15: 45184 | I15: 45208 | J15: 21 | M15: A | O15: A | P15: 100 | Q15: % | R15: 100 | S15: % | T15: =IFERROR($P15/$R15,0) -> 1 | V15: =IF(($M15="A")*($O15="A")>0,"Completed",IF($M15="A","In Progress","Not started")) -> Completed | W15: 100 | X15: % | Y15: =IFERROR(IF(P15-W15=0, "", P15-W15), "") | Z15: % | AA15: =IFERROR(W15+Y15,"") | AB15: % | AU15: 4313 | AV15: 12940 | AW15: 12940 | AX15: 12940 | AY15: 1204
A16: 4 | B16: Soil Improvement | D16: 44336 | H16: 45208 | I16: 45255 | J16: 40 | Y16: =IFERROR(IF(P16-W16=0, "", P16-W16), "") | AA16: =IFERROR(W16+Y16,"") | AY16: 5958 | AZ16: 6570 | BA16: 6570 | BB16: 6570 | BC16: 6570 | BD16: 6570 | BE16: 5529
A17: 5 | B17: Construction Management | D17: 44336 | H17: 45208 | I17: 45255 | J17: 40 | Y17: =IFERROR(IF(P17-W17=0, "", P17-W17), "") | AA17: =IFERROR(W17+Y17,"") | AY17: 5958 | AZ17: 6570 | BA17: 6570 | BB17: 6570 | BC17: 6570 | BD17: 6570 | BE17: 5529
A18: 6 | B18: Civil & Architecture Team | D18: 44336 | H18: 45208 | I18: 45255 | J18: 40 | Y18: =IFERROR(IF(P18-W18=0, "", P18-W18), "") | AA18: =IFERROR(W18+Y18,"") | AY18: 5958 | AZ18: 6570 | BA18: 6570 | BB18: 6570 | BC18: 6570 | BD18: 6570 | BE18: 5529
A19: 9 | B19: 0CF6010W10A18 | C19: Soil Improvement | D19: 44336 | E19: {=SUMPRODUCT(($AK$2:$GH$2<='S(Week)'!$N$3)*(AK19:GH19)*1)} -> 44337 | F19: =IFERROR(E19*T19,0) -> 44337 | H19: 45208 | I19: 45255 | J19: 40 | M19: A | O19: A | P19: 100 | Q19: % | R19: 100 | S19: % | T19: =IFERROR($P19/$R19,0) -> 1 | V19: =IF(($M19="A")*($O19="A")>0,"Completed",IF($M19="A","In Progress","Not started")) -> Completed | W19: 100 | X19: % | Y19: =IFERROR(IF(P19-W19=0, "", P19-W19), "") | Z19: % | AA19: =IFERROR(W19+Y19,"") | AB19: % | AY19: 5958 | AZ19: 6570 | BA19: 6570 | BB19: 6570 | BC19: 6570 | BD19: 6570 | BE19: 5529
A20: 3 | B20: Owner Scope | D20: 0 | H20: 45089 | I20: 45164 | J20: 66 | Y20: =IFERROR(IF(P20-W20=0, "", P20-W20), "") | AA20: =IFERROR(W20+Y20,"")
A21: 4 | B21: Construction Management | D21: 0 | H21: 45089 | I21: 45164 | J21: 66 | Y21: =IFERROR(IF(P21-W21=0, "", P21-W21), "") | AA21: =IFERROR(W21+Y21,"")
A22: 5 | B22: Civil & Architecture Team | D22: 0 | H22: 45089 | I22: 45164 | J22: 66 | Y22: =IFERROR(IF(P22-W22=0, "", P22-W22), "") | AA22: =IFERROR(W22+Y22,"")
A23: 9 | B23: 0CF6010W10A14 | C23: Site Access Road & Stie Leveling (By Owner) | D23: 0 | E23: {=SUMPRODUCT(($AK$2:$GH$2<='S(Week)'!$N$3)*(AK23:GH23)*1)} -> 0 | F23: =IFERROR(E23*T23,0) -> 0 | H23: 45089 | I23: 45164 | J23: 66 | T23: =IFERROR($P23/$R23,0) -> 0 | V23: =IF(($M23="A")*($O23="A")>0,"Completed",IF($M23="A","In Progress","Not started")) -> Not started | Y23: =IFERROR(IF(P23-W23=0, "", P23-W23), "") | AA23: =IFERROR(W23+Y23,"")
A24: 9 | B24: 0CF6010W10A15 | C24: Construction Power & Water (By Owner) | D24: 0 | E24: {=SUMPRODUCT(($AK$2:$GH$2<='S(Week)'!$N$3)*(AK24:GH24)*1)} -> 0 | F24: =IFERROR(E24*T24,0) -> 0 | H24: 45089 | I24: 45164 | J24: 66 | T24: =IFERROR($P24/$R24,0) -> 0 | V24: =IF(($M24="A")*($O24="A")>0,"Completed",IF($M24="A","In Progress","Not started")) -> Not started | Y24: =IFERROR(IF(P24-W24=0, "", P24-W24), "") | AA24: =IFERROR(W24+Y24,"")
A25: 9 | B25: 0CF6010W10A16 | C25: Telecom/communication line (By Owner) | D25: 0 | E25: {=SUMPRODUCT(($AK$2:$GH$2<='S(Week)'!$N$3)*(AK25:GH25)*1)} -> 0 | F25: =IFERROR(E25*T25,0) -> 0 | H25: 45089 | I25: 45164 | J25: 66 | T25: =IFERROR($P25/$R25,0) -> 0 | V25: =IF(($M25="A")*($O25="A")>0,"Completed",IF($M25="A","In Progress","Not started")) -> Not started | Y25: =IFERROR(IF(P25-W25=0, "", P25-W25), "") | AA25: =IFERROR(W25+Y25,"")
A26: 1 | B26: Power Plant Block #1 | D26: 21662709 | H26: 45400 | I26: 46100 | J26: 601 | Y26: =IFERROR(IF(P26-W26=0, "", P26-W26), "") | AA26: =IFERROR(W26+Y26,"") | CF26: 5794 | CG26: 58230 | CH26: 71936 | CI26: 87339 | CJ26: 133917 | CK26: 174978 | CL26: 221648 | CM26: 284944 | CN26: 285336 | CO26: 262295 | CP26: 209827 | CQ26: 157651 | CR26: 115700 | CS26: 101065 | CT26: 94822 | CU26: 103605 | CV26: 155632 | CW26: 206172 | CX26: 300265 | CY26: 390965 | CZ26: 437752 | DA26: 392954 | DB26: 355962 | DC26: 335742 | DD26: 276068 | DE26: 191723 | DF26: 151390 | DG26: 109927 | DH26: 157884 | DI26: 125771 | DJ26: 87249 | DK26: 85283 | DL26: 93075 | DM26: 78260 | DN26: 84588 | DO26: 92458 | DP26: 133199 | DQ26: 244761 | DR26: 352707 | DS26: 230794 | DT26: 333606 | DU26: 301749 | DV26: 231017 | DW26: 252945 | DX26: 184614 | DY26: 224397 | DZ26: 259238 | EA26: 259022 | EB26: 576177 | EC26: 920792 | ED26: 580260 | EE26: 429804 | EF26: 393367 | EG26: 468550 | EH26: 397101 | EI26: 398144 | EJ26: 377142 | EK26: 529188 | EL26: 697174 | EM26: 721492 | EN26: 739642 | EO26: 555997 | EP26: 561291 | EQ26: 636557 | ER26: 388290 | ES26: 293631 | ET26: 281546 | EU26: 208739 | EV26: 148429 | EW26: 263908 | EX26: 217003 | EY26: 186453 | EZ26: 179552 | FA26: 200195 | FB26: 175068 | FC26: 141881 | FD26: 113429 | FE26: 109761 | FF26: 38933 | FG26: 32345 | FH26: 11966 | FI26: 12416 | FJ26: 8977 | FK26: 9358 | FL26: 16317 | FM26: 13376 | FN26: 7420 | FO26: 4623 | FP26: 1726 | FQ26: 106 | FR26: 64195 | FS26: 30955 | FT26: 12832 | FU26: 12832 | FV26: 7508
A27: 2 | B27: Power Block #1 | D27: 17435761 | H27: 45444 | I27: 46100 | J27: 563 | Y27: =IFERROR(IF(P27-W27=0, "", P27-W27), "") | AA27: =IFERROR(W27+Y27,"") | CF27: 5794 | CG27: 58230 | CH27: 71627 | CI27: 85514 | CJ27: 132299 | CK27: 173593 | CL27: 220453 | CM27: 283984 | CN27: 284622 | CO27: 261754 | CP27: 209557 | CQ27: 157552 | CR27: 115700 | CS27: 101065 | CT27: 94822 | CU27: 102379 | CV27: 148994 | CW27: 187919 | CX27: 264405 | CY27: 343441 | CZ27: 392131 | DA27: 342666 | DB27: 291566 | DC27: 261842 | DD27: 212257 | DE27: 151516 | DF27: 127618 | DG27: 92688 | DH27: 140602 | DI27: 113185 | DJ27: 79968 | DK27: 71851 | DL27: 68545 | DM27: 54475 | DN27: 47354 | DO27: 45645 | DP27: 62809 | DQ27: 174644 | DR27: 298553 | DS27: 189217 | DT27: 264374 | DU27: 200308 | DV27: 186109 | DW27: 219172 | DX27: 159753 | DY27: 186577 | DZ27: 196911 | EA27: 179488 | EB27: 436677 | EC27: 759942 | ED27: 467124 | EE27: 327081 | EF27: 312006 | EG27: 398758 | EH27: 359188 | EI27: 366171 | EJ27: 319610 | EK27: 390612 | EL27: 564964 | EM27: 537044 | EN27: 646063 | EO27: 470354 | EP27: 474527 | EQ27: 532931 | ER27: 330851 | ES27: 236423 | ET27: 213683 | EU27: 78863 | EV27: 118377 | EW27: 197792 | EX27: 138927 | EY27: 130611 | EZ27: 113065 | FA27: 122377 | FB27: 99687 | FC27: 81378 | FD27: 43194 | FE27: 6726 | FF27: 2198 | FG27: 252 | FS27: 9602 | FT27: 12832 | FU27: 12832 | FV27: 7508
A28: 3 | B28: Main BLDG Complex (1.1) | D28: 3289373 | H28: 45444 | I28: 45820 | J28: 323 | Y28: =IFERROR(IF(P28-W28=0, "", P28-W28), "") | AA28: =IFERROR(W28+Y28,"") | CF28: 3986 | CG28: 47379 | CH28: 47379 | CI28: 47379 | CJ28: 47379 | CK28: 47379 | CL28: 47379 | CM28: 47379 | CN28: 35068 | CO28: 23914 | CP28: 23914 | CQ28: 23914 | CR28: 23914 | CS28: 23914 | CT28: 23914 | CU28: 23914 | CV28: 23914 | CW28: 1960 | DC28: 14096 | DD28: 21144 | DE28: 21144 | DF28: 21144 | DG28: 21144 | DH28: 68044 | DI28: 68120 | DJ28: 60766 | DK28: 57814 | DL28: 52618 | DM28: 47421 | DN28: 42948 | DO28: 38654 | DP28: 32802 | DQ28: 113516 | DR28: 166395 | DS28: 54028 | DT28: 84605 | DU28: 82760 | DV28: 80173 | DW28: 75219 | DX28: 73327 | DY28: 71387 | DZ28: 68179 | EA28: 64301 | EB28: 311896 | EC28: 486575 | ED28: 237189 | EE28: 118002 | EF28: 40820 | EG28: 26241 | EH28: 2923
A29: 4 | B29: Construction Management | D29: 3289373 | H29: 45444 | I29: 45820 | J29: 323 | Y29: =IFERROR(IF(P29-W29=0, "", P29-W29), "") | AA29: =IFERROR(W29+Y29,"") | CF29: 3986 | CG29: 47379 | CH29: 47379 | CI29: 47379 | CJ29: 47379 | CK29: 47379 | CL29: 47379 | CM29: 47379 | CN29: 35068 | CO29: 23914 | CP29: 23914 | CQ29: 23914 | CR29: 23914 | CS29: 23914 | CT29: 23914 | CU29: 23914 | CV29: 23914 | CW29: 1960 | DC29: 14096 | DD29: 21144 | DE29: 21144 | DF29: 21144 | DG29: 21144 | DH29: 68044 | DI29: 68120 | DJ29: 60766 | DK29: 57814 | DL29: 52618 | DM29: 47421 | DN29: 42948 | DO29: 38654 | DP29: 32802 | DQ29: 113516 | DR29: 166395 | DS29: 54028 | DT29: 84605 | DU29: 82760 | DV29: 80173 | DW29: 75219 | DX29: 73327 | DY29: 71387 | DZ29: 68179 | EA29: 64301 | EB29: 311896 | EC29: 486575 | ED29: 237189 | EE29: 118002 | EF29: 40820 | EG29: 26241 | EH29: 2923
A30: 5 | B30: Civil & Architecture Team | D30: 2099996 | H30: 45444 | I30: 45820 | J30: 323 | Y30: =IFERROR(IF(P30-W30=0, "", P30-W30), "") | AA30: =IFERROR(W30+Y30,"") | CF30: 3986 | CG30: 47379 | CH30: 47379 | CI30: 47379 | CJ30: 47379 | CK30: 47379 | CL30: 47379 | CM30: 47379 | CN30: 35068 | CO30: 23914 | CP30: 23914 | CQ30: 23914 | CR30: 23914 | CS30: 23914 | CT30: 23914 | CU30: 23914 | CV30: 23914 | CW30: 1960 | DC30: 14096 | DD30: 21144 | DE30: 21144 | DF30: 21144 | DG30: 21144 | DH30: 68044 | DI30: 68120 | DJ30: 60766 | DK30: 57814 | DL30: 52618 | DM30: 47421 | DN30: 42948 | DO30: 38654 | DP30: 32802 | DQ30: 36200 | DR30: 42369 | DS30: 54028 | DT30: 84605 | DU30: 82760 | DV30: 80173 | DW30: 75219 | DX30: 73327 | DY30: 71387 | DZ30: 68179 | EA30: 64301 | EB30: 51578 | EC30: 42776 | ED30: 40788 | EE30: 37916 | EF30: 33390 | EG30: 26241 | EH30: 2923
A31: 9 | B31: 1CF2010W16A03 | C31: (Main BLDG Complex) FDN Work | D31: 388573 | E31: {=SUMPRODUCT(($AK$2:$GH$2<='S(Week)'!$N$3)*(AK31:GH31)*1)} -> 388570 | F31: =IFERROR(E31*T31,0) -> 388570 | H31: 45444 | I31: 45558 | J31: 97 | T31: =(E32*T32)+(E33*T33)+(E34*T34) -> 1 | V31: =IF(($M31="A")*($O31="A")>0,"Completed",IF($M31="A","In Progress","Not started")) -> Not started | Y31: =IFERROR(IF(P31-W31=0, "", P31-W31), "") | AA31: =IFERROR(W31+Y31,"") | CF31: 3986 | CG31: 23914 | CH31: 23914 | CI31: 23914 | CJ31: 23914 | CK31: 23914 | CL31: 23914 | CM31: 23914 | CN31: 23914 | CO31: 23914 | CP31: 23914 | CQ31: 23914 | CR31: 23914 | CS31: 23914 | CT31: 23914 | CU31: 23914 | CV31: 23914 | CW31: 1960
C32: Excavation | E32: 0.1 | P32: 100 | Q32: % | R32: 100 | S32: % | T32: =IFERROR(P32/R32,0) -> 1 | W32: 100 | X32: % | Y32: =IFERROR(IF(P32-W32=0, "", P32-W32), "") | Z32: % | AA32: =IFERROR(W32+Y32,"") | AB32: % | AC32: Civil | AD32: Zhandos | AE32: Jungmin Kim
C33: Rebar work | E33: 0.4 | P33: 1783568.2 | Q33: Ton | R33: 1783568.2 | S33: Ton | T33: =IFERROR(P33/R33,0) -> 1 | W33: 1783568.2 | X33: Ton | Y33: =IFERROR(IF(P33-W33=0, "", P33-W33), "") | Z33: Ton | AA33: =IFERROR(W33+Y33,"") | AB33: Ton | AC33: Civil | AD33: Zhandos | AE33: Jungmin Kim
C34: Form & Pouring | E34: 0.5 | L34: 16994.8 | M34: M3 | N34: 27903 | O34: M3 | P34: 14834.54 | Q34: M3 | R34: 14834.54 | S34: M3 | T34: =IFERROR(P34/R34,0) -> 1 | W34: 14834.54 | X34: M3 | Y34: =IFERROR(IF(P34-W34=0, "", P34-W34), "") | Z34: M3 | AA34: =IFERROR(W34+Y34,"") | AB34: M3 | AC34: Civil | AD34: Zhandos | AE34: Jungmin Kim
A35: 9 | B35: 1PF2010W20A04P | C35: (Main BLDG Complex) Preparation of Shop Drawing, P.O & Procurement - Structure Work(S/S) | D35: 175406 | E35: {=SUMPRODUCT(($AK$2:$GH$2<='S(Week)'!$N$3)*(AK35:GH35)*1)} -> 175409 | F35: =IFERROR(E35*T35,0) -> 0 | H35: 45446 | I35: 45497 | J35: 45 | Q35: Ton | S35: Ton | T35: =IFERROR($P35/$R35,0) -> 0 | V35: =IF(($M35="A")*($O35="A")>0,"Completed",IF($M35="A","In Progress","Not started")) -> Not started | X35: Ton | Y35: =IFERROR(IF(P35-W35=0, "", P35-W35), "") | Z35: Ton | AA35: =IFERROR(W35+Y35,"") | AB35: Ton | AC35: Arch | AD35: Muratbek | AE35: Dongyob Lee | CG35: 23465 | CH35: 23465 | CI35: 23465 | CJ35: 23465 | CK35: 23465 | CL35: 23465 | CM35: 23465 | CN35: 11154
A36: 9 | B36: 1PF2010W20A05T | C36: (Main BLDG Complex) Transportation - Structure Work(S/S 1st delivery) | D36: 99883 | E36: {=SUMPRODUCT(($AK$2:$GH$2<='S(Week)'!$N$3)*(AK36:GH36)*1)} -> 99883 | F36: =IFERROR(E36*T36,0) -> 0 | H36: 45602 | I36: 45635 | J36: 28 | Q36: Ton | S36: Ton | T36: =IFERROR($P36/$R36,0) -> 0 | V36: =IF(($M36="A")*($O36="A")>0,"Completed",IF($M36="A","In Progress","Not started")) -> Not started | X36: Ton | Y36: =IFERROR(IF(P36-W36=0, "", P36-W36), "") | Z36: Ton | AA36: =IFERROR(W36+Y36,"") | AB36: Ton | AC36: Arch | AD36: Muratbek | AE36: Dongyob Lee | DC36: 14096 | DD36: 21144 | DE36: 21144 | DF36: 21144 | DG36: 21144 | DH36: 1211
A37: 9 | B37: 1CF2010W20A06 | C37: (Main BLDG Complex) Structure Work(S/S) | D37: 678480 | E37: {=SUMPRODUCT(($AK$2:$GH$2<='S(Week)'!$N$3)*(AK37:GH37)*1)} -> 678477 | F37: =IFERROR(E37*T37,0) -> 183234.84 | H37: 45635 | I37: 45814 | J37: 154 | M37: A | P37: =SUM(P38:P45) -> 2813 | Q37: Ton | R37: =SUM(R38:R44) -> 10415.9 | S37: Ton | T37: =IFERROR($P37/$R37,0) -> 0.27006788 | V37: =IF(($M37="A")*($O37="A")>0,"Completed",IF($M37="A","In Progress","Not started")) -> In Progress | W37: 2813 | X37: Ton | Y37: =IFERROR(IF(P37-W37=0, "", P37-W37), "") | Z37: Ton | AA37: =IFERROR(W37+Y37,"") | AB37: Ton | AC37: Arch | AD37: Muratbek | AE37: Dongyob Lee | DH37: 24841 | DI37: 26350 | DJ37: 26350 | DK37: 26350 | DL37: 26350 | DM37: 26350 | DN37: 26350 | DO37: 26350 | DP37: 26350 | DQ37: 26350 | DR37: 26350 | DS37: 26350 | DT37: 26350 | DU37: 26350 | DV37: 26350 | DW37: 26350 | DX37: 26350 | DY37: 26350 | DZ37: 26350 | EA37: 26350 | EB37: 26350 | EC37: 26350 | ED37: 26350 | EE37: 26350 | EF37: 26350 | EG37: 21236
C38: Zone 1 | P38: 1227 | Q38: Ton | R38: 1499.6 | S38: Ton | T38: =IFERROR($P38/$R38,0) -> 0.81821819 | W38: 1227 | X38: Ton | Y38: =IFERROR(IF(P38-W38=0, "", P38-W38), "") | Z38: Ton | AA38: =IFERROR(W38+Y38,"") | AB38: Ton | AC38: Arch | AD38: Muratbek | AE38: Dongyob Lee
C39: Zone 2 | Q39: Ton | R39: 744 | S39: Ton | T39: =IFERROR($P39/$R39,0) -> 0 | X39: Ton | Y39: =IFERROR(IF(P39-W39=0, "", P39-W39), "") | Z39: Ton | AA39: =IFERROR(W39+Y39,"") | AB39: Ton | AC39: Arch | AD39: Muratbek | AE39: Dongyob Lee
C40: Zone 3 | Q40: Ton | R40: 2417.3 | S40: Ton | T40: =IFERROR($P40/$R40,0) -> 0 | X40: Ton | Y40: =IFERROR(IF(P40-W40=0, "", P40-W40), "") | Z40: Ton | AA40: =IFERROR(W40+Y40,"") | AB40: Ton | AC40: Arch | AD40: Muratbek | AE40: Dongyob Lee
C41: Zone 4 | Q41: Ton | S41: Ton | T41: =IFERROR($P41/$R41,0) -> 0 | X41: Ton | Y41: =IFERROR(IF(P41-W41=0, "", P41-W41), "") | Z41: Ton | AA41: =IFERROR(W41+Y41,"") | AB41: Ton | AC41: Arch | AD41: Muratbek | AE41: Dongyob Lee
C42: Zone 5 | L42: 46073 | M42: A | P42: 186 | Q42: Ton | R42: 2596.7 | S42: Ton | T42: =IFERROR($P42/$R42,0) -> 0.071629376 | W42: 186 | X42: Ton | Y42: =IFERROR(IF(P42-W42=0, "", P42-W42), "") | Z42: Ton | AA42: =IFERROR(W42+Y42,"") | AB42: Ton | AC42: Arch | AD42: Muratbek | AE42: Dongyob Lee
C43: Zone 7 | Q43: Ton | R43: 744 | S43: Ton | T43: =IFERROR($P43/$R43,0) -> 0 | X43: Ton | Y43: =IFERROR(IF(P43-W43=0, "", P43-W43), "") | Z43: Ton | AA43: =IFERROR(W43+Y43,"") | AB43: Ton | AC43: Arch | AD43: Muratbek | AE43: Dongyob Lee
C44: Zone 8 | Q44: Ton | R44: 2414.3 | S44: Ton | T44: =IFERROR($P44/$R44,0) -> 0 | X44: Ton | Y44: =IFERROR(IF(P44-W44=0, "", P44-W44), "") | Z44: Ton | AA44: =IFERROR(W44+Y44,"") | AB44: Ton | AC44: Arch | AD44: Muratbek | AE44: Dongyob Lee
A45: 9 | B45: 1CF2010W20A27 | C45: (Main BLDG Complex) Structure Work (for GTG #11) Zone 6 | D45: 235092 | E45: {=SUMPRODUCT(($AK$2:$GH$2<='S(Week)'!$N$3)*(AK45:GH45)*1)} -> 235092 | F45: =IFERROR(E45*T45,0) -> 219477.73 | H45: 45635 | I45: 45701 | J45: 57 | M45: A | P45: 1400 | Q45: Ton | R45: 1499.6 | S45: Ton | T45: =IFERROR($P45/$R45,0) -> 0.93358229 | V45: =IF(($M45="A")*($O45="A")>0,"Completed",IF($M45="A","In Progress","Not started")) -> In Progress | W45: 1400 | X45: Ton | Y45: =IFERROR(IF(P45-W45=0, "", P45-W45), "") | Z45: Ton | AA45: =IFERROR(W45+Y45,"") | AB45: Ton | AC45: Arch | AD45: Muratbek | AE45: Dongyob Lee | DH45: 41992 | DI45: 41770 | DJ45: 34416 | DK45: 31464 | DL45: 26267 | DM45: 21071 | DN45: 16598 | DO45: 12304 | DP45: 6452 | DQ45: 2758
A46: 9 | B46: 1CF2010W20A07 | C46: (Main BLDG Complex) Cladding Work | D46: 172969 | E46: {=SUMPRODUCT(($AK$2:$GH$2<='S(Week)'!$N$3)*(AK46:GH46)*1)} -> 172972 | F46: =IFERROR(E46*T46,0) -> 0 | H46: 45701 | I46: 45777 | J46: 65 | Q46: M3 | S46: M3 | T46: =IFERROR($P46/$R46,0) -> 0 | V46: =IF(($M46="A")*($O46="A")>0,"Completed",IF($M46="A","In Progress","Not started")) -> Not started | X46: M3 | Y46: =IFERROR(IF(P46-W46=0, "", P46-W46), "") | Z46: M3 | AA46: =IFERROR(W46+Y46,"") | AB46: M3 | AC46: Arch | AD46: Muratbek | AE46: Dongyob Lee | DQ46: 7092 | DR46: 16019 | DS46: 16019 | DT46: 16019 | DU46: 16019 | DV46: 16019 | DW46: 16019 | DX46: 16019 | DY46: 16019 | DZ46: 16019 | EA46: 16019 | EB46: 5690
A47: 9 | B47: 1CF2010W20A08 | C47: (Main BLDG Complex) Roof Work | D47: 349593 | E47: {=SUMPRODUCT(($AK$2:$GH$2<='S(Week)'!$N$3)*(AK47:GH47)*1)} -> 349593 | F47: =IFERROR(E47*T47,0) -> 0 | H47: 45716 | I47: 45820 | J47: 89 | Q47: Ton | S47: Ton | T47: =IFERROR($P47/$R47,0) -> 0 | V47: =IF(($M47="A")*($O47="A")>0,"Completed",IF($M47="A","In Progress","Not started")) -> Not started | X47: Ton | Y47: =IFERROR(IF(P47-W47=0, "", P47-W47), "") | Z47: Ton | AA47: =IFERROR(W47+Y47,"") | AB47: Ton | AC47: Arch | AD47: Muratbek | AE47: Dongyob Lee | DS47: 11659 | DT47: 42236 | DU47: 40391 | DV47: 37804 | DW47: 32850 | DX47: 30958 | DY47: 29018 | DZ47: 25810 | EA47: 21932 | EB47: 19538 | EC47: 16425 | ED47: 14438 | EE47: 11566 | EF47: 7040 | EG47: 5005 | EH47: 2923
A48: 5 | B48: Mech Team | D48: 939377 | H48: 45701 | I48: 45798 | J48: 84 | Y48: =IFERROR(IF(P48-W48=0, "", P48-W48), "") | AA48: =IFERROR(W48+Y48,"") | DQ48: 77316 | DR48: 124026 | EB48: 240254 | EC48: 340115 | ED48: 116195 | EE48: 41470
A49: 9 | B49: 0CF2010W42A07 | C49: (Crane) Crane Erection for Main Building | D49: 201342 | E49: {=SUMPRODUCT(($AK$2:$GH$2<='S(Week)'!$N$3)*(AK49:GH49)*1)} -> 201342 | F49: =IFERROR(E49*T49,0) -> 0 | H49: 45701 | I49: 45710 | J49: 8 | Q49: Nos | S49: Nos | T49: =IFERROR($P49/$R49,0) -> 0 | V49: =IF(($M49="A")*($O49="A")>0,"Completed",IF($M49="A","In Progress","Not started")) -> Not started | X49: Nos | Y49: =IFERROR(IF(P49-W49=0, "", P49-W49), "") | Z49: Nos | AA49: =IFERROR(W49+Y49,"") | AB49: Nos | DQ49: 77316 | DR49: 124026
A50: 9 | B50: 1CF2010W38A09 | C50: (Main BLDG Complex) Installation & Test - Fire Fighting Sys. | D50: 117903 | E50: {=SUMPRODUCT(($AK$2:$GH$2<='S(Week)'!$N$3)*(AK50:GH50)*1)} -> 117902 | F50: =IFERROR(E50*T50,0) -> 0 | H50: 45776 | I50: 45792 | J50: 15 | Q50: % | S50: % | T50: =IFERROR($P50/$R50,0) -> 0 | V50: =IF(($M50="A")*($O50="A")>0,"Completed",IF($M50="A","In Progress","Not started")) -> Not started | X50: % | Y50: =IFERROR(IF(P50-W50=0, "", P50-W50), "") | Z50: % | AA50: =IFERROR(W50+Y50,"") | AB50: % | EB50: 60540 | EC50: 46367 | ED50: 10995
A51: 9 | B51: 1CF2010W36A10 | C51: (Main BLDG Complex) Equipment Installation | D51: 217449 | E51: {=SUMPRODUCT(($AK$2:$GH$2<='S(Week)'!$N$3)*(AK51:GH51)*1)} -> 217449 | F51: =IFERROR(E51*T51,0) -> 0 | H51: 45777 | I51: 45786 | J51: 8 | Q51: % | S51: % | T51: =IFERROR($P51/$R51,0) -> 0 | V51: =IF(($M51="A")*($O51="A")>0,"Completed",IF($M51="A","In Progress","Not started")) -> Not started | X51: % | Y51: =IFERROR(IF(P51-W51=0, "", P51-W51), "") | Z51: % | AA51: =IFERROR(W51+Y51,"") | AB51: % | EB51: 149169 | EC51: 68280
A52: 9 | B52: 1CF2010W36A11 | C52: (Main BLDG Complex) Duct Work (Incl. Duct & Insulation) | D52: 370469 | E52: {=SUMPRODUCT(($AK$2:$GH$2<='S(Week)'!$N$3)*(AK52:GH52)*1)} -> 370470 | F52: =IFERROR(E52*T52,0) -> 0 | H52: 45780 | I52: 45797 | J52: 14 | Q52: % | S52: % | T52: =IFERROR($P52/$R52,0) -> 0 | V52: =IF(($M52="A")*($O52="A")>0,"Completed",IF($M52="A","In Progress","Not started")) -> Not started | X52: % | Y52: =IFERROR(IF(P52-W52=0, "", P52-W52), "") | Z52: % | AA52: =IFERROR(W52+Y52,"") | AB52: % | EB52: 30545 | EC52: 225468 | ED52: 105200 | EE52: 9257
A53: 9 | B53: 1CF2010W36A12 | C53: (Main BLDG Complex) TAB Work (Test &Adjusting&Balancing) | D53: 32214 | E53: {=SUMPRODUCT(($AK$2:$GH$2<='S(Week)'!$N$3)*(AK53:GH53)*1)} -> 32214 | F53: =IFERROR(E53*T53,0) -> 0 | H53: 45797 | I53: 45798 | J53: 1 | Q53: % | S53: % | T53: =IFERROR($P53/$R53,0) -> 0 | V53: =IF(($M53="A")*($O53="A")>0,"Completed",IF($M53="A","In Progress","Not started")) -> Not started | X53: % | Y53: =IFERROR(IF(P53-W53=0, "", P53-W53), "") | Z53: % | AA53: =IFERROR(W53+Y53,"") | AB53: % | EE53: 32214
A54: 5 | B54: Elec. & I&C Team | D54: 250000 | H54: 45777 | I54: 45806 | J54: 25 | Y54: =IFERROR(IF(P54-W54=0, "", P54-W54), "") | AA54: =IFERROR(W54+Y54,"") | EB54: 20064 | EC54: 103684 | ED54: 80206 | EE54: 38615 | EF54: 7430
A55: 9 | B55: 1CF2010W74A11 | C55: (Main BLDG Complex) Installation & Test - Elec | D55: 125000 | E55: {=SUMPRODUCT(($AK$2:$GH$2<='S(Week)'!$N$3)*(AK55:GH55)*1)} -> 125000 | F55: =IFERROR(E55*T55,0) -> 0 | H55: 45777 | I55: 45806 | J55: 25 | Q55: % | S55: % | T55: =IFERROR($P55/$R55,0) -> 0 | V55: =IF(($M55="A")*($O55="A")>0,"Completed",IF($M55="A","In Progress","Not started")) -> Not started | X55: % | Y55: =IFERROR(IF(P55-W55=0, "", P55-W55), "") | Z55: % | AA55: =IFERROR(W55+Y55,"") | AB55: % | AE55: 장명현수석 | EB55: 10032 | EC55: 51842 | ED55: 40103 | EE55: 19308 | EF55: 3715
A56: 9 | B56: 1CF2010W90A12 | C56: (Main BLDG Complex) Installation & Test - I&C | D56: 125000 | E56: {=SUMPRODUCT(($AK$2:$GH$2<='S(Week)'!$N$3)*(AK56:GH56)*1)} -> 125000 | F56: =IFERROR(E56*T56,0) -> 0 | H56: 45777 | I56: 45806 | J56: 25 | Q56: % | S56: % | T56: =IFERROR($P56/$R56,0) -> 0 | V56: =IF(($M56="A")*($O56="A")>0,"Completed",IF($M56="A","In Progress","Not started")) -> Not started | X56: % | Y56: =IFERROR(IF(P56-W56=0, "", P56-W56), "") | Z56: % | AA56: =IFERROR(W56+Y56,"") | AB56: % | AE56: 우재상수석 | EB56: 10032 | EC56: 51842 | ED56: 40103 | EE56: 19308 | EF56: 3715
A57: 3 | B57: Gas Turbine & Generator | D57: 8206221 | H57: 45444 | I57: 45934 | J57: 420 | Y57: =IFERROR(IF(P57-W57=0, "", P57-W57), "") | AA57: =IFERROR(W57+Y57,"") | CF57: 1808 | CG57: 10851 | CH57: 24248 | CI57: 38135 | CJ57: 84920 | CK57: 126214 | CL57: 173075 | CM57: 236605 | CN57: 249553 | CO57: 237840 | CP57: 185643 | CQ57: 132088 | CR57: 84823 | CS57: 55360 | CT57: 31896 | CU57: 38763 | CV57: 71006 | CW57: 121237 | CX57: 194099 | CY57: 266403 | CZ57: 322876 | DA57: 268850 | DB57: 192654 | DC57: 118575 | DD57: 64371 | DE57: 44883 | DF57: 41452 | DG57: 12752 | DH57: 1171 | DV57: 2065 | DW57: 9452 | DX57: 29404 | DY57: 24534 | DZ57: 18238 | EA57: 13101 | EB57: 26054 | EC57: 171919 | ED57: 126718 | EE57: 57912 | EF57: 177944 | EG57: 276936 | EH57: 150005 | EI57: 112506 | EJ57: 93469 | EK57: 325000 | EL57: 438789 | EM57: 438596 | EN57: 332620 | EO57: 332161 | EP57: 381394 | EQ57: 465407 | ER57: 282635 | ES57: 210411 | ET57: 136168 | EU57: 48176 | EV57: 29673 | EW57: 55811 | EX57: 6971
A58: 4 | B58: GTG #11 | D58: 4090238 | H58: 45444 | I58: 45898 | J58: 390 | Y58: =IFERROR(IF(P58-W58=0, "", P58-W58), "") | AA58: =IFERROR(W58+Y58,"") | CF58: 1808 | CG58: 10851 | CH58: 24248 | CI58: 38135 | CJ58: 84920 | CK58: 126214 | CL58: 173075 | CM58: 236605 | CN58: 249553 | CO58: 237840 | CP58: 185643 | CQ58: 132088 | CR58: 84823 | CS58: 53064 | CT58: 23442 | CU58: 13297 | CV58: 5190 | CW58: 155 | DD58: 2617 | DE58: 19552 | DF58: 34256 | DG58: 12654 | DH58: 1171 | DX58: 6775 | DY58: 1224 | DZ58: 7765 | EA58: 10866 | EB58: 1685 | EC58: 15266 | ED58: 30234 | EE58: 31719 | EF58: 177944 | EG58: 276936 | EH58: 150005 | EI58: 112506 | EJ58: 93469 | EK58: 225237 | EL58: 338711 | EM58: 324367 | EN58: 228634 | EO58: 151642 | EP58: 43343 | EQ58: 89485 | ER58: 10332 | ES58: 10894
A59: 5 | B59: GTG #11 Main body | D59: 3362035 | H59: 45444 | I59: 45883 | J59: 377 | Y59: =IFERROR(IF(P59-W59=0, "", P59-W59), "") | AA59: =IFERROR(W59+Y59,"") | CF59: 1808 | CG59: 10851 | CH59: 24248 | CI59: 38135 | CJ59: 84920 | CK59: 126214 | CL59: 173075 | CM59: 236605 | CN59: 249553 | CO59: 237840 | CP59: 185643 | CQ59: 132088 | CR59: 84823 | CS59: 53064 | CT59: 23442 | CU59: 13297 | CV59: 5190 | CW59: 155 | EF59: 59743 | EG59: 89615 | EH59: 89615 | EI59: 89615 | EJ59: 89615 | EK59: 172037 | EL59: 338711 | EM59: 301347 | EN59: 218193 | EO59: 140716 | EP59: 19009 | EQ59: 72868
A60: 6 | B60: Construction Management | D60: 3362035 | H60: 45444 | I60: 45883 | J60: 377 | Y60: =IFERROR(IF(P60-W60=0, "", P60-W60), "") | AA60: =IFERROR(W60+Y60,"") | CF60: 1808 | CG60: 10851 | CH60: 24248 | CI60: 38135 | CJ60: 84920 | CK60: 126214 | CL60: 173075 | CM60: 236605 | CN60: 249553 | CO60: 237840 | CP60: 185643 | CQ60: 132088 | CR60: 84823 | CS60: 53064 | CT60: 23442 | CU60: 13297 | CV60: 5190 | CW60: 155 | EF60: 59743 | EG60: 89615 | EH60: 89615 | EI60: 89615 | EJ60: 89615 | EK60: 172037 | EL60: 338711 | EM60: 301347 | EN60: 218193 | EO60: 140716 | EP60: 19009 | EQ60: 72868
B61: Civil & Architecture Team | D61: 1680950 | E61: {=SUMPRODUCT(($AK$2:$GH$2<='S(Week)'!$N$3)*(AK61:GH61)*1)} -> 1680951 | H61: 45444 | I61: 45558 | J61: 97 | Y61: =IFERROR(IF(P61-W61=0, "", P61-W61), "") | AA61: =IFERROR(W61+Y61,"") | CF61: 1808 | CG61: 10851 | CH61: 24248 | CI61: 38135 | CJ61: 84920 | CK61: 126214 | CL61: 173075 | CM61: 236605 | CN61: 249553 | CO61: 237840 | CP61: 185643 | CQ61: 132088 | CR61: 84823 | CS61: 53064 | CT61: 23442 | CU61: 13297 | CV61: 5190 | CW61: 155
A62: 9 | B62: 1CF1213W16A07 | C62: (GEN #11) FDN Work | D62: 840475 | E62: {=SUMPRODUCT(($AK$2:$GH$2<='S(Week)'!$N$3)*(AK62:GH62)*1)} -> 840475 | F62: =IFERROR(E62*T62,0) -> 840475 | H62: 45444 | I62: 45558 | J62: 97 | L62: 45548 | M62: A | T62: =(E63*T63)+(E64*T64)+(E65*T65) -> 1 | V62: =IF(($M62="A")*($O62="A")>0,"Completed",IF($M62="A","In Progress","Not started")) -> In Progress | Y62: =IFERROR(IF(P62-W62=0, "", P62-W62), "") | AA62: =IFERROR(W62+Y62,"") | CF62: 865 | CG62: 5190 | CH62: 10866 | CI62: 15568 | CJ62: 39630 | CK62: 52691 | CL62: 77838 | CM62: 106403 | CN62: 119351 | CO62: 119350 | CP62: 100725 | CQ62: 77838 | CR62: 47722 | CS62: 36079 | CT62: 15568 | CU62: 9446 | CV62: 5190 | CW62: 155
C63: Excavation | E63: 0.1 | L63: 45449 | M63: A | N63: 45465 | O63: A | Q63: M3 | S63: M3 | T63: 1 | X63: M3 | Y63: =IFERROR(IF(P63-W63=0, "", P63-W63), "") | Z63: M3 | AA63: =IFERROR(W63+Y63,"") | AB63: M3 | AC63: Civil | AD63: Zhandos | AE63: Jungmin Kim
C64: Rebar work | E64: 0.4 | L64: 45520 | M64: A | N64: 45610 | O64: A | Q64: Ton | S64: Ton | T64: 1 | X64: Ton | Y64: =IFERROR(IF(P64-W64=0, "", P64-W64), "") | Z64: Ton | AA64: =IFERROR(W64+Y64,"") | AB64: Ton | AC64: Civil | AD64: Zhandos | AE64: Jungmin Kim
C65: Form & Pouring | E65: 0.5 | L65: 45548 | M65: A | P65: 315.31 | Q65: M3 | R65: 315.31 | S65: M3 | T65: =IFERROR($P65/$R65,0) -> 1 | W65: 315.31 | X65: M3 | Y65: =IFERROR(IF(P65-W65=0, "", P65-W65), "") | Z65: M3 | AA65: =IFERROR(W65+Y65,"") | AB65: M3 | AC65: Civil | AD65: Zhandos | AE65: Jungmin Kim
A66: 9 | B66: 1CF1213W16A02 | C66: (GT #11) FDN Work | D66: 840475 | E66: {=SUMPRODUCT(($AK$2:$GH$2<='S(Week)'!$N$3)*(AK66:GH66)*1)} -> 840474 | F66: =IFERROR(E66*T66,0) -> 840474 | H66: 45444 | I66: 45548 | J66: 89 | L66: 45548 | M66: A | N66: 45596 | O66: A | T66: =(E67*T67)+(E68*T68)+(E69*T69) -> 1 | V66: =IF(($M66="A")*($O66="A")>0,"Completed",IF($M66="A","In Progress","Not started")) -> Completed | Y66: =IFERROR(IF(P66-W66=0, "", P66-W66), "") | AA66: =IFERROR(W66+Y66,"") | CF66: 943 | CG66: 5661 | CH66: 13382 | CI66: 22567 | CJ66: 45290 | CK66: 73523 | CL66: 95236 | CM66: 130202 | CN66: 130202 | CO66: 118489 | CP66: 84918 | CQ66: 54249 | CR66: 37102 | CS66: 16984 | CT66: 7875 | CU66: 3851
C67: Excavation | E67: 0.1 | L67: 45449 | M67: A | N67: 45465 | O67: A | Q67: M3 | S67: M3 | T67: 1 | X67: M3 | Y67: =IFERROR(IF(P67-W67=0, "", P67-W67), "") | Z67: M3 | AA67: =IFERROR(W67+Y67,"") | AB67: M3 | AC67: Civil | AD67: Zhandos | AE67: Jungmin Kim
C68: Rebar work | E68: 0.4 | L68: 45520 | M68: A | N68: 45610 | O68: A | Q68: Ton | S68: Ton | T68: 1 | X68: Ton | Y68: =IFERROR(IF(P68-W68=0, "", P68-W68), "") | Z68: Ton | AA68: =IFERROR(W68+Y68,"") | AB68: Ton | AC68: Civil | AD68: Zhandos | AE68: Jungmin Kim
C69: Form & Pouring | E69: 0.5 | L69: 45548 | M69: A | N69: 45596 | O69: A | P69: =240.45+45.13366+45.05 -> 330.63366 | Q69: M3 | R69: =240.45+45.13366+45.05 -> 330.63366 | S69: M3 | T69: =IFERROR($P69/$R69,0) -> 1 | W69: 330.63366 | X69: M3 | Y69: =IFERROR(IF(P69-W69=0, "", P69-W69), "") | Z69: M3 | AA69: =IFERROR(W69+Y69,"") | AB69: M3 | AC69: Civil | AD69: Zhandos | AE69: Jungmin Kim
B70: Mech Team | D70: 1681085 | E70: {=SUMPRODUCT(($AK$2:$GH$2<='S(Week)'!$N$3)*(AK70:GH70)*1)} -> 1681084 | H70: 45805 | I70: 45883 | J70: 68 | Y70: =IFERROR(IF(P70-W70=0, "", P70-W70), "") | AA70: =IFERROR(W70+Y70,"") | EF70: 59743 | EG70: 89615 | EH70: 89615 | EI70: 89615 | EJ70: 89615 | EK70: 172037 | EL70: 338711 | EM70: 301347 | EN70: 218193 | EO70: 140716 | EP70: 19009 | EQ70: 72868
A71: 9 | B71: 1CF1213W42A05 | C71: (GT #11) Installation(On FDN~Final Alignment) | D71: 874619 | E71: {=SUMPRODUCT(($AK$2:$GH$2<='S(Week)'!$N$3)*(AK71:GH71)*1)} -> 874617 | F71: =IFERROR(E71*T71,0) -> 655962.75 | H71: 45805 | I71: 45873 | J71: 59 | L71: 45973 | M71: A | P71: 75 | Q71: % | R71: 100 | S71: % | T71: =IFERROR($P71/$R71,0) -> 0.75 | V71: =IF(($M71="A")*($O71="A")>0,"Completed",IF($M71="A","In Progress","Not started")) -> In Progress | W71: 70 | X71: % | Y71: =IFERROR(IF(P71-W71=0, "", P71-W71), "") -> 5 | Z71: % | AA71: =IFERROR(W71+Y71,"") -> 75 | AB71: % | EF71: 59743 | EG71: 89615 | EH71: 89615 | EI71: 89615 | EJ71: 89615 | EK71: 89615 | EL71: 89615 | EM71: 89615 | EN71: 89615 | EO71: 89615 | EP71: 8339
A72: 9 | B72: 1CF1213W42A10 | C72: (GEN #11) Installation | D72: 732635 | E72: {=SUMPRODUCT(($AK$2:$GH$2<='S(Week)'!$N$3)*(AK72:GH72)*1)} -> 732634 | F72: =IFERROR(E72*T72,0) -> 549475.5 | H72: 45838 | I72: 45874 | J72: 32 | L72: 45980 | M72: A | P72: 75 | Q72: % | R72: 100 | S72: % | T72: =IFERROR($P72/$R72,0) -> 0.75 | V72: =IF(($M72="A")*($O72="A")>0,"Completed",IF($M72="A","In Progress","Not started")) -> In Progress | W72: 75 | X72: % | Y72: =IFERROR(IF(P72-W72=0, "", P72-W72), "") | Z72: % | AA72: =IFERROR(W72+Y72,"") | AB72: % | EK72: 82421 | EL72: 249096 | EM72: 211732 | EN72: 128577 | EO72: 51101 | EP72: 9707
A73: 9 | B73: 1CF1213W52A11 | C73: (GTG #11) Insulation | D73: 73831 | E73: {=SUMPRODUCT(($AK$2:$GH$2<='S(Week)'!$N$3)*(AK73:GH73)*1)} -> 73831 | F73: =IFERROR(E73*T73,0) -> 0 | H73: 45878 | I73: 45883 | J73: 4 | Q73: % | R73: 100 | S73: % | T73: =IFERROR($P73/$R73,0) -> 0 | V73: =IF(($M73="A")*($O73="A")>0,"Completed",IF($M73="A","In Progress","Not started")) -> Not started | X73: % | Y73: =IFERROR(IF(P73-W73=0, "", P73-W73), "") | Z73: % | AA73: =IFERROR(W73+Y73,"") | AB73: % | EP73: 963 | EQ73: 72868
A74: 5 | B74: GTG #11 Electrical System | D74: 328685 | H74: 45805 | I74: 45891 | J74: 75 | Y74: =IFERROR(IF(P74-W74=0, "", P74-W74), "") | AA74: =IFERROR(W74+Y74,"") | EF74: 97343 | EG74: 168621 | EH74: 15766 | EO74: 2279 | EP74: 24334 | EQ74: 16616 | ER74: 3726
A75: 6 | B75: Construction Management | D75: 328685 | H75: 45805 | I75: 45891 | J75: 75 | Y75: =IFERROR(IF(P75-W75=0, "", P75-W75), "") | AA75: =IFERROR(W75+Y75,"") | EF75: 97343 | EG75: 168621 | EH75: 15766 | EO75: 2279 | EP75: 24334 | EQ75: 16616 | ER75: 3726
B76: Elec. & I&C Team | D76: 328685 | H76: 45805 | I76: 45891 | J76: 75 | Y76: =IFERROR(IF(P76-W76=0, "", P76-W76), "") | AA76: =IFERROR(W76+Y76,"") | EF76: 97343 | EG76: 168621 | EH76: 15766 | EO76: 2279 | EP76: 24334 | EQ76: 16616 | ER76: 3726
A77: 9 | B77: 1CF1255W70A03 | C77: (GTG#11 Electrical) Installation- PCC | D77: 46955 | E77: {=SUMPRODUCT(($AK$2:$GH$2<='S(Week)'!$N$3)*(AK77:GH77)*1)} -> 46956 | F77: =IFERROR(E77*T77,0) -> 46956 | H77: 45805 | I77: 45819 | J77: 12 | L77: 45979 | M77: A | N77: 45980 | P77: 100 | Q77: % | R77: 100 | S77: % | T77: =IFERROR($P77/$R77,0) -> 1 | V77: =IF(($M77="A")*($O77="A")>0,"Completed",IF($M77="A","In Progress","Not started")) -> In Progress | W77: 100 | X77: % | Y77: =IFERROR(IF(P77-W77=0, "", P77-W77), "") | Z77: % | AA77: =IFERROR(W77+Y77,"") | AB77: % | EF77: 16224 | EG77: 28104 | EH77: 2628
A78: 9 | B78: 1CF1255W70A04 | C78: (GTG#11 Electrical) Installation- MCC | D78: 46955 | E78: {=SUMPRODUCT(($AK$2:$GH$2<='S(Week)'!$N$3)*(AK78:GH78)*1)} -> 46956 | F78: =IFERROR(E78*T78,0) -> 0 | H78: 45805 | I78: 45819 | J78: 12 | Q78: % | R78: 100 | S78: % | T78: =IFERROR($P78/$R78,0) -> 0 | V78: =IF(($M78="A")*($O78="A")>0,"Completed",IF($M78="A","In Progress","Not started")) -> Not started | X78: % | Y78: =IFERROR(IF(P78-W78=0, "", P78-W78), "") | Z78: % | AA78: =IFERROR(W78+Y78,"") | AB78: % | EF78: 16224 | EG78: 28104 | EH78: 2628
A79: 9 | B79: 1CF1255W70A05 | C79: (GTG#11 Electrical) Installation- Protection Sys. | D79: 46955 | E79: {=SUMPRODUCT(($AK$2:$GH$2<='S(Week)'!$N$3)*(AK79:GH79)*1)} -> 46956 | F79: =IFERROR(E79*T79,0) -> 0 | H79: 45805 | I79: 45819 | J79: 12 | Q79: % | R79: 100 | S79: % | T79: =IFERROR($P79/$R79,0) -> 0 | V79: =IF(($M79="A")*($O79="A")>0,"Completed",IF($M79="A","In Progress","Not started")) -> Not started | X79: % | Y79: =IFERROR(IF(P79-W79=0, "", P79-W79), "") | Z79: % | AA79: =IFERROR(W79+Y79,"") | AB79: % | EF79: 16224 | EG79: 28104 | EH79: 2628
A80: 9 | B80: 1CF1255W70A07 | C80: (GTG#11 Electrical) Installation- SEE&SFC Sys. | D80: 46955 | E80: {=SUMPRODUCT(($AK$2:$GH$2<='S(Week)'!$N$3)*(AK80:GH80)*1)} -> 46956 | F80: =IFERROR(E80*T80,0) -> 0 | H80: 45805 | I80: 45819 | J80: 12 | Q80: % | R80: 100 | S80: % | T80: =IFERROR($P80/$R80,0) -> 0 | V80: =IF(($M80="A")*($O80="A")>0,"Completed",IF($M80="A","In Progress","Not started")) -> Not started | X80: % | Y80: =IFERROR(IF(P80-W80=0, "", P80-W80), "") | Z80: % | AA80: =IFERROR(W80+Y80,"") | AB80: % | EF80: 16224 | EG80: 28104 | EH80: 2628
A81: 9 | B81: 1CF1255W70A08 | C81: (GTG#11 Electrical) Installation- DC&UPS Sys. | D81: 46955 | E81: {=SUMPRODUCT(($AK$2:$GH$2<='S(Week)'!$N$3)*(AK81:GH81)*1)} -> 46956 | F81: =IFERROR(E81*T81,0) -> 0 | H81: 45805 | I81: 45819 | J81: 12 | Q81: % | R81: 100 | S81: % | T81: =IFERROR($P81/$R81,0) -> 0 | V81: =IF(($M81="A")*($O81="A")>0,"Completed",IF($M81="A","In Progress","Not started")) -> Not started | X81: % | Y81: =IFERROR(IF(P81-W81=0, "", P81-W81), "") | Z81: % | AA81: =IFERROR(W81+Y81,"") | AB81: % | EF81: 16224 | EG81: 28104 | EH81: 2628
A82: 9 | B82: 1CF1255W74A09 | C82: (GTG#11 Electrical) Cable work | D82: 46955 | E82: {=SUMPRODUCT(($AK$2:$GH$2<='S(Week)'!$N$3)*(AK82:GH82)*1)} -> 46956 | F82: =IFERROR(E82*T82,0) -> 0 | H82: 45805 | I82: 45819 | J82: 12 | Q82: % | R82: 100 | S82: % | T82: =IFERROR($P82/$R82,0) -> 0 | V82: =IF(($M82="A")*($O82="A")>0,"Completed",IF($M82="A","In Progress","Not started")) -> Not started | X82: % | Y82: =IFERROR(IF(P82-W82=0, "", P82-W82), "") | Z82: % | AA82: =IFERROR(W82+Y82,"") | AB82: % | EF82: 16224 | EG82: 28104 | EH82: 2628
A83: 9 | B83: 1CF1255W86A06 | C83: (GTG#11 Electrical) Installation- GT control Sys. | D83: 46955 | E83: {=SUMPRODUCT(($AK$2:$GH$2<='S(Week)'!$N$3)*(AK83:GH83)*1)} -> 46955 | F83: =IFERROR(E83*T83,0) -> 0 | H83: 45869 | I83: 45891 | J83: 19 | Q83: % | R83: 100 | S83: % | T83: =IFERROR($P83/$R83,0) -> 0 | V83: =IF(($M83="A")*($O83="A")>0,"Completed",IF($M83="A","In Progress","Not started")) -> Not started | X83: % | Y83: =IFERROR(IF(P83-W83=0, "", P83-W83), "") | Z83: % | AA83: =IFERROR(W83+Y83,"") | AB83: % | EO83: 2279 | EP83: 24334 | EQ83: 16616 | ER83: 3726
A84: 5 | B84: GTG #11 Starting System(Turning Device) | D84: 53200 | H84: 45838 | I84: 45839 | J84: 2 | Y84: =IFERROR(IF(P84-W84=0, "", P84-W84), "") | AA84: =IFERROR(W84+Y84,"") | EK84: 53200
A85: 6 | B85: Construction Management | D85: 53200 | H85: 45838 | I85: 45839 | J85: 2 | Y85: =IFERROR(IF(P85-W85=0, "", P85-W85), "") | AA85: =IFERROR(W85+Y85,"") | EK85: 53200
B86: Mech Team | D86: 53200 | E86: {=SUMPRODUCT(($AK$2:$GH$2<='S(Week)'!$N$3)*(AK86:GH86)*1)} -> 53200 | H86: 45838 | I86: 45839 | J86: 2 | T86: =IFERROR($P86/$R86,0) -> 0 | Y86: =IFERROR(IF(P86-W86=0, "", P86-W86), "") | AA86: =IFERROR(W86+Y86,"") | EK86: 53200
A87: 9 | B87: 1CF1265W42A03 | C87: (Turning Gear) Installation | D87: 53200 | E87: {=SUMPRODUCT(($AK$2:$GH$2<='S(Week)'!$N$3)*(AK87:GH87)*1)} -> 53200 | F87: =IFERROR(E87*T87,0) -> 0 | H87: 45838 | I87: 45839 | J87: 2 | Q87: % | R87: 100 | S87: % | T87: =IFERROR($P87/$R87,0) -> 0 | V87: =IF(($M87="A")*($O87="A")>0,"Completed",IF($M87="A","In Progress","Not started")) -> Not started | X87: % | Y87: =IFERROR(IF(P87-W87=0, "", P87-W87), "") | Z87: % | AA87: =IFERROR(W87+Y87,"") | AB87: % | EK87: 53200
A88: 5 | B88: GTG #11 Air Intake System | D88: 53200 | H88: 45852 | I88: 45898 | J88: 41 | Y88: =IFERROR(IF(P88-W88=0, "", P88-W88), "") | AA88: =IFERROR(W88+Y88,"") | EM88: 16612 | EN88: 10441 | EO88: 8647 | ER88: 6606 | ES88: 10894
A89: 6 | B89: Construction Management | D89: 53200 | H89: 45852 | I89: 45898 | J89: 41 | Y89: =IFERROR(IF(P89-W89=0, "", P89-W89), "") | AA89: =IFERROR(W89+Y89,"") | EM89: 16612 | EN89: 10441 | EO89: 8647 | ER89: 6606 | ES89: 10894
B90: Civil & Architecture Team | D90: 0 | H90: 45733 | I90: 45775 | J90: 36 | Y90: =IFERROR(IF(P90-W90=0, "", P90-W90), "") | AA90: =IFERROR(W90+Y90,"")
A91: 9 | B91: 1CF1230W16A1 | C91: (Air Intake) FDN Work_Steel Sturucture | D91: 0 | E91: {=SUMPRODUCT(($AK$2:$GH$2<='S(Week)'!$N$3)*(AK91:GH91)*1)} -> 0 | F91: =IFERROR(E91*T91,0) -> 0 | H91: 45733 | I91: 45775 | J91: 36 | M91: A | O91: A | P91: 100 | Q91: % | R91: 100 | S91: % | T91: =IFERROR($P91/$R91,0) -> 1 | V91: =IF(($M91="A")*($O91="A")>0,"Completed",IF($M91="A","In Progress","Not started")) -> Completed | W91: 100 | X91: % | Y91: =IFERROR(IF(P91-W91=0, "", P91-W91), "") | Z91: % | AA91: =IFERROR(W91+Y91,"") | AB91: % | AC91: Arch | AD91: Muratbek | AE91: Dongyob Lee
B92: Mech Team | D92: 53200 | H92: 45852 | I92: 45898 | J92: 41 | Y92: =IFERROR(IF(P92-W92=0, "", P92-W92), "") | AA92: =IFERROR(W92+Y92,"") | EM92: 16612 | EN92: 10441 | EO92: 8647 | ER92: 6606 | ES92: 10894
A93: 9 | B93: 1CF1230W20A04 | C93: (Air Intake) Installation_Steel Sturucture(incl. Temp. Protection floor) | D93: 18200 | E93: {=SUMPRODUCT(($AK$2:$GH$2<='S(Week)'!$N$3)*(AK93:GH93)*1)} -> 18200 | F93: =IFERROR(E93*T93,0) -> 0 | H93: 45852 | I93: 45861 | J93: 8 | Q93: % | R93: 100 | S93: % | T93: =IFERROR($P93/$R93,0) -> 0 | V93: =IF(($M93="A")*($O93="A")>0,"Completed",IF($M93="A","In Progress","Not started")) -> Not started | X93: % | Y93: =IFERROR(IF(P93-W93=0, "", P93-W93), "") | Z93: % | AA93: =IFERROR(W93+Y93,"") | AB93: % | EM93: 16612 | EN93: 1588
A94: 9 | B94: 1CF1230W64A10 | C94: (Air Intake) Installation_Filter House & Module | D94: 17500 | E94: {=SUMPRODUCT(($AK$2:$GH$2<='S(Week)'!$N$3)*(AK94:GH94)*1)} -> 17500 | F94: =IFERROR(E94*T94,0) -> 0 | H94: 45861 | I94: 45869 | J94: 8 | Q94: % | R94: 100 | S94: % | T94: =IFERROR($P94/$R94,0) -> 0 | V94: =IF(($M94="A")*($O94="A")>0,"Completed",IF($M94="A","In Progress","Not started")) -> Not started | X94: % | Y94: =IFERROR(IF(P94-W94=0, "", P94-W94), "") | Z94: % | AA94: =IFERROR(W94+Y94,"") | AB94: % | EN94: 8853 | EO94: 8647
A95: 9 | B95: 1CF1230W64A07 | C95: (Air Intake) Installation_Inlet Duct | D95: 17500 | E95: {=SUMPRODUCT(($AK$2:$GH$2<='S(Week)'!$N$3)*(AK95:GH95)*1)} -> 17500 | F95: =IFERROR(E95*T95,0) -> 2625 | H95: 45890 | I95: 45898 | J95: 8 | L95: 45986 | M95: A | P95: 15 | Q95: % | R95: 100 | S95: % | T95: =IFERROR($P95/$R95,0) -> 0.15 | V95: =IF(($M95="A")*($O95="A")>0,"Completed",IF($M95="A","In Progress","Not started")) -> In Progress | W95: 15 | X95: % | Y95: =IFERROR(IF(P95-W95=0, "", P95-W95), "") | Z95: % | AA95: =IFERROR(W95+Y95,"") | AB95: % | ER95: 6606 | ES95: 10894
A96: 5 | B96: GTG #11 Air and Flue Gas System | D96: 53198 | H96: 45805 | I96: 45827 | J96: 20 | Y96: =IFERROR(IF(P96-W96=0, "", P96-W96), "") | AA96: =IFERROR(W96+Y96,"") | EF96: 7763 | EG96: 11644 | EH96: 19722 | EI96: 14070
A97: 6 | B97: Construction Management | D97: 53198 | H97: 45805 | I97: 45827 | J97: 20 | Y97: =IFERROR(IF(P97-W97=0, "", P97-W97), "") | AA97: =IFERROR(W97+Y97,"") | EF97: 7763 | EG97: 11644 | EH97: 19722 | EI97: 14070
B98: Mech Team | D98: 53198 | H98: 45805 | I98: 45827 | J98: 20 | Y98: =IFERROR(IF(P98-W98=0, "", P98-W98), "") | AA98: =IFERROR(W98+Y98,"") | EF98: 7763 | EG98: 11644 | EH98: 19722 | EI98: 14070
A99: 9 | B99: 1CF1230W64A19 | C99: (Air & Flue Gas System) Installation_Expansion Joint & Exhaust Duct | D99: 15113 | E99: {=SUMPRODUCT(($AK$2:$GH$2<='S(Week)'!$N$3)*(AK99:GH99)*1)} -> 15113 | F99: =IFERROR(E99*T99,0) -> 0 | H99: 45805 | I99: 45813 | J99: 8 | Q99: % | R99: 100 | S99: % | T99: =IFERROR($P99/$R99,0) -> 0 | V99: =IF(($M99="A")*($O99="A")>0,"Completed",IF($M99="A","In Progress","Not started")) -> Not started | X99: % | Y99: =IFERROR(IF(P99-W99=0, "", P99-W99), "") | Z99: % | AA99: =IFERROR(W99+Y99,"") | AB99: % | EF99: 7763 | EG99: 7350
A100: 9 | B100: 1CF1230W64A13 | C100: (Air & Flue Gas System) Installation_Duct Work | D100: 7859 | E100: {=SUMPRODUCT(($AK$2:$GH$2<='S(Week)'!$N$3)*(AK100:GH100)*1)} -> 7859 | F100: =IFERROR(E100*T100,0) -> 0 | H100: 45813 | I100: 45818 | J100: 4 | Q100: % | R100: 100 | S100: % | T100: =IFERROR($P100/$R100,0) -> 0 | V100: =IF(($M100="A")*($O100="A")>0,"Completed",IF($M100="A","In Progress","Not started")) -> Not started | X100: % | Y100: =IFERROR(IF(P100-W100=0, "", P100-W100), "") | Z100: % | AA100: =IFERROR(W100+Y100,"") | AB100: % | EG100: 4293 | EH100: 3566
...

Sheet Sheet2
A1: Activity ID | B1: Activity Name | C1: Start | D1: Finish | E1: Duration | F1: Budgeted Nonlabor Units | G1: Spreadsheet Field | H1: 45088 | I1: 45095 | J1: 45102 | K1: 45109 | L1: 45116 | M1: 45123 | N1: 45130 | O1: 45137 | P1: 45144 | Q1: 45151 | R1: 45158 | S1: 45165 | T1: 45172 | U1: 45179 | V1: 45186 | W1: 45193 | X1: 45200 | Y1: 45207 | Z1: 45214 | AA1: 45221 | AB1: 45228 | AC1: 45235 | AD1: 45242 | AE1: 45249 | AF1: 45256 | AG1: 45263 | AH1: 45270 | AI1: 45277 | AJ1: 45284 | AK1: 45291 | AL1: 45298 | AM1: 45305 | AN1: 45312 | AO1: 45319 | AP1: 45326 | AQ1: 45333 | AR1: 45340 | AS1: 45347 | AT1: 45354 | AU1: 45361 | AV1: 45368 | AW1: 45375 | AX1: 45382 | AY1: 45389 | AZ1: 45396 | BA1: 45403 | BB1: 45410 | BC1: 45417 | BD1: 45424 | BE1: 45431 | BF1: 45438 | BG1: 45445 | BH1: 45452 | BI1: 45459 | BJ1: 45466 | BK1: 45473 | BL1: 45480 | BM1: 45487 | BN1: 45494 | BO1: 45501 | BP1: 45508 | BQ1: 45515 | BR1: 45522 | BS1: 45529 | BT1: 45536 | BU1: 45543 | BV1: 45550 | BW1: 45557 | BX1: 45564 | BY1: 45571 | BZ1: 45578 | CA1: 45585 | CB1: 45592 | CC1: 45599 | CD1: 45606 | CE1: 45613 | CF1: 45620 | CG1: 45627 | CH1: 45634 | CI1: 45641 | CJ1: 45648 | CK1: 45655 | CL1: 45662 | CM1: 45669 | CN1: 45676 | CO1: 45683 | CP1: 45690 | CQ1: 45697 | CR1: 45704 | CS1: 45711 | CT1: 45718 | CU1: 45725 | CV1: 45732 | CW1: 45739 | CX1: 45746 | CY1: 45753 | CZ1: 45760 | DA1: 45767 | DB1: 45774 | DC1: 45781 | DD1: 45788 | DE1: 45795 | DF1: 45802 | DG1: 45809 | DH1: 45816 | DI1: 45823 | DJ1: 45830 | DK1: 45837 | DL1: 45844 | DM1: 45851 | DN1: 45858 | DO1: 45865 | DP1: 45872 | DQ1: 45879 | DR1: 45886 | DS1: 45893 | DT1: 45900 | DU1: 45907 | DV1: 45914 | DW1: 45921 | DX1: 45928 | DY1: 45935 | DZ1: 45942 | EA1: 45949 | EB1: 45956 | EC1: 45963 | ED1: 45970 | EE1: 45977 | EF1: 45984 | EG1: 45991 | EH1: 45998 | EI1: 46005 | EJ1: 46012 | EK1: 46019 | EL1: 46026 | EM1: 46033 | EN1: 46040 | EO1: 46047 | EP1: 46054 | EQ1: 46061 | ER1: 46068 | ES1: 46075 | ET1: 46082 | EU1: 46089 | EV1: 46096 | EW1: 46103 | EX1: 46110 | EY1: 46117 | EZ1: 46124 | FA1: 46131 | FB1: 46138 | FC1: 46145 | FD1: 46152 | FE1: 46159 | FF1: 46166 | FG1: 46173 | FH1: 46180
A2: Construction of a 1000MW CCGT Power Plant in the Turkistan Region, Main Site_New Site | C2: 45089 | D2: 46181 | E2: 937 | F2: 50102810 | G2: Budgeted Nonlabor Units | P2: 467 | Q2: 467 | R2: 467 | S2: 467 | T2: 467 | U2: 11898 | V2: 34759 | W2: 29273 | X2: 13406 | Y2: 7629 | Z2: 9226 | AA2: 13606 | AB2: 13606 | AC2: 13541 | AD2: 13139 | AE2: 12099 | AF2: 6570 | AG2: 2728 | AM2: 1104 | AN2: 1073 | AO2: 817 | AP2: 543 | AQ2: 266 | AR2: 42 | BC2: 70 | BD2: 551 | BE2: 3058 | BF2: 17583 | BG2: 82476 | BH2: 88153 | BI2: 96368 | BJ2: 153489 | BK2: 235381 | BL2: 294696 | BM2: 434172 | BN2: 472392 | BO2: 378701 | BP2: 286904 | BQ2: 263291 | BR2: 208839 | BS2: 219254 | BT2: 239920 | BU2: 309852 | BV2: 298282 | BW2: 359332 | BX2: 615241 | BY2: 764704 | BZ2: 795831 | CA2: 766045 | CB2: 742097 | CC2: 847236 | CD2: 1030887 | CE2: 875032 | CF2: 743328 | CG2: 780703 | CH2: 790027 | CI2: 544088 | CJ2: 403905 | CK2: 452610 | CL2: 669855 | CM2: 945990 | CN2: 1034870 | CO2: 867829 | CP2: 812973 | CQ2: 861984 | CR2: 804109 | CS2: 547989 | CT2: 609346 | CU2: 505644 | CV2: 454729 | CW2: 565519 | CX2: 426537 | CY2: 332504 | CZ2: 411789 | DA2: 433324 | DB2: 826816 | DC2: 1071411 | DD2: 814336 | DE2: 721060 | DF2: 578530 | DG2: 606317 | DH2: 515061 | DI2: 513031 | DJ2: 608194 | DK2: 981210 | DL2: 1016836 | DM2: 988354 | DN2: 1083102 | DO2: 925063 | DP2: 929038 | DQ2: 1009933 | DR2: 791577 | DS2: 711563 | DT2: 632454 | DU2: 593631 | DV2: 597826 | DW2: 763890 | DX2: 771921 | DY2: 782271 | DZ2: 676671 | EA2: 930283 | EB2: 673632 | EC2: 785599 | ED2: 384719 | EE2: 417420 | EF2: 349677 | EG2: 277631 | EH2: 191653 | EI2: 192659 | EJ2: 163731 | EK2: 187392 | EL2: 177892 | EM2: 86261 | EN2: 72886 | EO2: 62614 | EP2: 52069 | EQ2: 29886 | ER2: 90549 | ES2: 81632 | ET2: 52387 | EU2: 97548 | EV2: 46710 | EW2: 10720 | EX2: 3346 | EY2: 298 | EZ2: 2808 | FA2: 8671 | FB2: 6672 | FC2: 10849 | FD2: 34581 | FE2: 12095 | FF2: 14258 | FG2: 14258 | FH2: 2163
A3: Construction of a 1000MW CCGT Power Plant in the Turkistan Region, Main Site_New Site | C3: 45089 | D3: 46181 | E3: 937 | F3: 50102810 | G3: Cum Budgeted Nonlabor Units | P3: 467 | Q3: 934 | R3: 1401 | S3: 1868 | T3: 2335 | U3: 14232 | V3: 48991 | W3: 78264 | X3: 91670 | Y3: 99300 | Z3: 108526 | AA3: 122132 | AB3: 135739 | AC3: 149280 | AD3: 162419 | AE3: 174518 | AF3: 181088 | AG3: 183816 | AH3: 183816 | AI3: 183816 | AJ3: 183816 | AK3: 183816 | AL3: 183816 | AM3: 184920 | AN3: 185993 | AO3: 186810 | AP3: 187353 | AQ3: 187619 | AR3: 187661 | AS3: 187661 | AT3: 187661 | AU3: 187661 | AV3: 187661 | AW3: 187661 | AX3: 187661 | AY3: 187661 | AZ3: 187661 | BA3: 187661 | BB3: 187661 | BC3: 187731 | BD3: 188283 | BE3: 191341 | BF3: 208923 | BG3: 291400 | BH3: 379553 | BI3: 475920 | BJ3: 629410 | BK3: 864790 | BL3: 1159486 | BM3: 1593658 | BN3: 2066051 | BO3: 2444752 | BP3: 2731656 | BQ3: 2994947 | BR3: 3203786 | BS3: 3423040 | BT3: 3662960 | BU3: 3972812 | BV3: 4271094 | BW3: 4630426 | BX3: 5245667 | BY3: 6010371 | BZ3: 6806202 | CA3: 7572247 | CB3: 8314344 | CC3: 9161580 | CD3: 10192466 | CE3: 11067498 | CF3: 11810826 | CG3: 12591529 | CH3: 13381557 | CI3: 13925644 | CJ3: 14329549 | CK3: 14782158 | CL3: 15452014 | CM3: 16398004 | CN3: 17432874 | CO3: 18300703 | CP3: 19113676 | CQ3: 19975659 | CR3: 20779769 | CS3: 21327758 | CT3: 21937105 | CU3: 22442749 | CV3: 22897478 | CW3: 23462996 | CX3: 23889534 | CY3: 24222037 | CZ3: 24633827 | DA3: 25067151 | DB3: 25893967 | DC3: 26965378 | DD3: 27779714 | DE3: 28500774 | DF3: 29079304 | DG3: 29685621 | DH3: 30200682 | DI3: 30713713 | DJ3: 31321908 | DK3: 32303118 | DL3: 33319955 | DM3: 34308309 | DN3: 35391410 | DO3: 36316473 | DP3: 37245511 | DQ3: 38255444 | DR3: 39047021 | DS3: 39758584 | DT3: 40391038 | DU3: 40984669 | DV3: 41582495 | DW3: 42346384 | DX3: 43118305 | DY3: 43900577 | DZ3: 44577248 | EA3: 45507531 | EB3: 46181163 | EC3: 46966762 | ED3: 47351482 | EE3: 47768902 | EF3: 48118579 | EG3: 48396210 | EH3: 48587863 | EI3: 48780522 | EJ3: 48944252 | EK3: 49131644 | EL3: 49309536 | EM3: 49395797 | EN3: 49468683 | EO3: 49531297 | EP3: 49583366 | EQ3: 49613252 | ER3: 49703801 | ES3: 49785434 | ET3: 49837820 | EU3: 49935368 | EV3: 49982078 | EW3: 49992798 | EX3: 49996143 | EY3: 49996441 | EZ3: 49999249 | FA3: 50007920 | FB3: 50014592 | FC3: 50025441 | FD3: 50060022 | FE3: 50072117 | FF3: 50086375 | FG3: 50100633 | FH3: 50102796
A4: Plant General | C4: 45089 | D4: 45266 | E4: 152 | F4: 177344 | G4: Budgeted Nonlabor Units | U4: 11431 | V4: 34292 | W4: 28806 | X4: 12940 | Y4: 7162 | Z4: 8760 | AA4: 13139 | AB4: 13139 | AC4: 13139 | AD4: 13139 | AE4: 12099 | AF4: 6570 | AG4: 2728
A5: Plant General | C5: 45089 | D5: 45266 | E5: 152 | F5: 177344 | G5: Cum Budgeted Nonlabor Units | U5: 11431 | V5: 45723 | W5: 74528 | X5: 87468 | Y5: 94630 | Z5: 103390 | AA5: 116529 | AB5: 129668 | AC5: 142808 | AD5: 155947 | AE5: 168046 | AF5: 174616 | AG5: 177344 | AH5: 177344 | AI5: 177344 | AJ5: 177344 | AK5: 177344 | AL5: 177344 | AM5: 177344 | AN5: 177344 | AO5: 177344 | AP5: 177344 | AQ5: 177344 | AR5: 177344 | AS5: 177344 | AT5: 177344 | AU5: 177344 | AV5: 177344 | AW5: 177344 | AX5: 177344 | AY5: 177344 | AZ5: 177344 | BA5: 177344 | BB5: 177344 | BC5: 177344 | BD5: 177344 | BE5: 177344 | BF5: 177344 | BG5: 177344 | BH5: 177344 | BI5: 177344 | BJ5: 177344 | BK5: 177344 | BL5: 177344 | BM5: 177344 | BN5: 177344 | BO5: 177344 | BP5: 177344 | BQ5: 177344 | BR5: 177344 | BS5: 177344 | BT5: 177344 | BU5: 177344 | BV5: 177344 | BW5: 177344 | BX5: 177344 | BY5: 177344 | BZ5: 177344 | CA5: 177344 | CB5: 177344 | CC5: 177344 | CD5: 177344 | CE5: 177344 | CF5: 177344 | CG5: 177344 | CH5: 177344 | CI5: 177344 | CJ5: 177344 | CK5: 177344 | CL5: 177344 | CM5: 177344 | CN5: 177344 | CO5: 177344 | CP5: 177344 | CQ5: 177344 | CR5: 177344 | CS5: 177344 | CT5: 177344 | CU5: 177344 | CV5: 177344 | CW5: 177344 | CX5: 177344 | CY5: 177344 | CZ5: 177344 | DA5: 177344 | DB5: 177344 | DC5: 177344 | DD5: 177344 | DE5: 177344 | DF5: 177344 | DG5: 177344 | DH5: 177344 | DI5: 177344 | DJ5: 177344 | DK5: 177344 | DL5: 177344 | DM5: 177344 | DN5: 177344 | DO5: 177344 | DP5: 177344 | DQ5: 177344 | DR5: 177344 | DS5: 177344 | DT5: 177344 | DU5: 177344 | DV5: 177344 | DW5: 177344 | DX5: 177344 | DY5: 177344 | DZ5: 177344 | EA5: 177344 | EB5: 177344 | EC5: 177344 | ED5: 177344 | EE5: 177344 | EF5: 177344 | EG5: 177344 | EH5: 177344 | EI5: 177344 | EJ5: 177344 | EK5: 177344 | EL5: 177344 | EM5: 177344 | EN5: 177344 | EO5: 177344 | EP5: 177344 | EQ5: 177344 | ER5: 177344 | ES5: 177344 | ET5: 177344 | EU5: 177344 | EV5: 177344 | EW5: 177344 | EX5: 177344 | EY5: 177344 | EZ5: 177344 | FA5: 177344 | FB5: 177344 | FC5: 177344 | FD5: 177344 | FE5: 177344 | FF5: 177344 | FG5: 177344 | FH5: 177344
A6: General Civil Works | C6: 45089 | D6: 45266 | E6: 152 | F6: 177344 | G6: Budgeted Nonlabor Units | U6: 11431 | V6: 34292 | W6: 28806 | X6: 12940 | Y6: 7162 | Z6: 8760 | AA6: 13139 | AB6: 13139 | AC6: 13139 | AD6: 13139 | AE6: 12099 | AF6: 6570 | AG6: 2728
A7: General Civil Works | C7: 45089 | D7: 45266 | E7: 152 | F7: 177344 | G7: Cum Budgeted Nonlabor Units | U7: 11431 | V7: 45723 | W7: 74528 | X7: 87468 | Y7: 94630 | Z7: 103390 | AA7: 116529 | AB7: 129668 | AC7: 142808 | AD7: 155947 | AE7: 168046 | AF7: 174616 | AG7: 177344 | AH7: 177344 | AI7: 177344 | AJ7: 177344 | AK7: 177344 | AL7: 177344 | AM7: 177344 | AN7: 177344 | AO7: 177344 | AP7: 177344 | AQ7: 177344 | AR7: 177344 | AS7: 177344 | AT7: 177344 | AU7: 177344 | AV7: 177344 | AW7: 177344 | AX7: 177344 | AY7: 177344 | AZ7: 177344 | BA7: 177344 | BB7: 177344 | BC7: 177344 | BD7: 177344 | BE7: 177344 | BF7: 177344 | BG7: 177344 | BH7: 177344 | BI7: 177344 | BJ7: 177344 | BK7: 177344 | BL7: 177344 | BM7: 177344 | BN7: 177344 | BO7: 177344 | BP7: 177344 | BQ7: 177344 | BR7: 177344 | BS7: 177344 | BT7: 177344 | BU7: 177344 | BV7: 177344 | BW7: 177344 | BX7: 177344 | BY7: 177344 | BZ7: 177344 | CA7: 177344 | CB7: 177344 | CC7: 177344 | CD7: 177344 | CE7: 177344 | CF7: 177344 | CG7: 177344 | CH7: 177344 | CI7: 177344 | CJ7: 177344 | CK7: 177344 | CL7: 177344 | CM7: 177344 | CN7: 177344 | CO7: 177344 | CP7: 177344 | CQ7: 177344 | CR7: 177344 | CS7: 177344 | CT7: 177344 | CU7: 177344 | CV7: 177344 | CW7: 177344 | CX7: 177344 | CY7: 177344 | CZ7: 177344 | DA7: 177344 | DB7: 177344 | DC7: 177344 | DD7: 177344 | DE7: 177344 | DF7: 177344 | DG7: 177344 | DH7: 177344 | DI7: 177344 | DJ7: 177344 | DK7: 177344 | DL7: 177344 | DM7: 177344 | DN7: 177344 | DO7: 177344 | DP7: 177344 | DQ7: 177344 | DR7: 177344 | DS7: 177344 | DT7: 177344 | DU7: 177344 | DV7: 177344 | DW7: 177344 | DX7: 177344 | DY7: 177344 | DZ7: 177344 | EA7: 177344 | EB7: 177344 | EC7: 177344 | ED7: 177344 | EE7: 177344 | EF7: 177344 | EG7: 177344 | EH7: 177344 | EI7: 177344 | EJ7: 177344 | EK7: 177344 | EL7: 177344 | EM7: 177344 | EN7: 177344 | EO7: 177344 | EP7: 177344 | EQ7: 177344 | ER7: 177344 | ES7: 177344 | ET7: 177344 | EU7: 177344 | EV7: 177344 | EW7: 177344 | EX7: 177344 | EY7: 177344 | EZ7: 177344 | FA7: 177344 | FB7: 177344 | FC7: 177344 | FD7: 177344 | FE7: 177344 | FF7: 177344 | FG7: 177344 | FH7: 177344
A8: Site Preparation | C8: 45184 | D8: 45266 | E8: 70 | F8: 177344 | G8: Budgeted Nonlabor Units | U8: 11431 | V8: 34292 | W8: 28806 | X8: 12940 | Y8: 7162 | Z8: 8760 | AA8: 13139 | AB8: 13139 | AC8: 13139 | AD8: 13139 | AE8: 12099 | AF8: 6570 | AG8: 2728
A9: Site Preparation | C9: 45184 | D9: 45266 | E9: 70 | F9: 177344 | G9: Cum Budgeted Nonlabor Units | U9: 11431 | V9: 45723 | W9: 74528 | X9: 87468 | Y9: 94630 | Z9: 103390 | AA9: 116529 | AB9: 129668 | AC9: 142808 | AD9: 155947 | AE9: 168046 | AF9: 174616 | AG9: 177344 | AH9: 177344 | AI9: 177344 | AJ9: 177344 | AK9: 177344 | AL9: 177344 | AM9: 177344 | AN9: 177344 | AO9: 177344 | AP9: 177344 | AQ9: 177344 | AR9: 177344 | AS9: 177344 | AT9: 177344 | AU9: 177344 | AV9: 177344 | AW9: 177344 | AX9: 177344 | AY9: 177344 | AZ9: 177344 | BA9: 177344 | BB9: 177344 | BC9: 177344 | BD9: 177344 | BE9: 177344 | BF9: 177344 | BG9: 177344 | BH9: 177344 | BI9: 177344 | BJ9: 177344 | BK9: 177344 | BL9: 177344 | BM9: 177344 | BN9: 177344 | BO9: 177344 | BP9: 177344 | BQ9: 177344 | BR9: 177344 | BS9: 177344 | BT9: 177344 | BU9: 177344 | BV9: 177344 | BW9: 177344 | BX9: 177344 | BY9: 177344 | BZ9: 177344 | CA9: 177344 | CB9: 177344 | CC9: 177344 | CD9: 177344 | CE9: 177344 | CF9: 177344 | CG9: 177344 | CH9: 177344 | CI9: 177344 | CJ9: 177344 | CK9: 177344 | CL9: 177344 | CM9: 177344 | CN9: 177344 | CO9: 177344 | CP9: 177344 | CQ9: 177344 | CR9: 177344 | CS9: 177344 | CT9: 177344 | CU9: 177344 | CV9: 177344 | CW9: 177344 | CX9: 177344 | CY9: 177344 | CZ9: 177344 | DA9: 177344 | DB9: 177344 | DC9: 177344 | DD9: 177344 | DE9: 177344 | DF9: 177344 | DG9: 177344 | DH9: 177344 | DI9: 177344 | DJ9: 177344 | DK9: 177344 | DL9: 177344 | DM9: 177344 | DN9: 177344 | DO9: 177344 | DP9: 177344 | DQ9: 177344 | DR9: 177344 | DS9: 177344 | DT9: 177344 | DU9: 177344 | DV9: 177344 | DW9: 177344 | DX9: 177344 | DY9: 177344 | DZ9: 177344 | EA9: 177344 | EB9: 177344 | EC9: 177344 | ED9: 177344 | EE9: 177344 | EF9: 177344 | EG9: 177344 | EH9: 177344 | EI9: 177344 | EJ9: 177344 | EK9: 177344 | EL9: 177344 | EM9: 177344 | EN9: 177344 | EO9: 177344 | EP9: 177344 | EQ9: 177344 | ER9: 177344 | ES9: 177344 | ET9: 177344 | EU9: 177344 | EV9: 177344 | EW9: 177344 | EX9: 177344 | EY9: 177344 | EZ9: 177344 | FA9: 177344 | FB9: 177344 | FC9: 177344 | FD9: 177344 | FE9: 177344 | FF9: 177344 | FG9: 177344 | FH9: 177344
A10: Construction Management | C10: 45184 | D10: 45266 | E10: 70 | F10: 88672 | G10: Budgeted Nonlabor Units | U10: 7117 | V10: 21352 | W10: 15866 | Z10: 2190 | AA10: 6570 | AB10: 6570 | AC10: 6570 | AD10: 6570 | AE10: 6570 | AF10: 6570 | AG10: 2728
A11: Construction Management | C11: 45184 | D11: 45266 | E11: 70 | F11: 88672 | G11: Cum Budgeted Nonlabor Units | U11: 7117 | V11: 28470 | W11: 44336 | X11: 44336 | Y11: 44336 | Z11: 46526 | AA11: 53096 | AB11: 59665 | AC11: 66235 | AD11: 72804 | AE11: 79374 | AF11: 85944 | AG11: 88672 | AH11: 88672 | AI11: 88672 | AJ11: 88672 | AK11: 88672 | AL11: 88672 | AM11: 88672 | AN11: 88672 | AO11: 88672 | AP11: 88672 | AQ11: 88672 | AR11: 88672 | AS11: 88672 | AT11: 88672 | AU11: 88672 | AV11: 88672 | AW11: 88672 | AX11: 88672 | AY11: 88672 | AZ11: 88672 | BA11: 88672 | BB11: 88672 | BC11: 88672 | BD11: 88672 | BE11: 88672 | BF11: 88672 | BG11: 88672 | BH11: 88672 | BI11: 88672 | BJ11: 88672 | BK11: 88672 | BL11: 88672 | BM11: 88672 | BN11: 88672 | BO11: 88672 | BP11: 88672 | BQ11: 88672 | BR11: 88672 | BS11: 88672 | BT11: 88672 | BU11: 88672 | BV11: 88672 | BW11: 88672 | BX11: 88672 | BY11: 88672 | BZ11: 88672 | CA11: 88672 | CB11: 88672 | CC11: 88672 | CD11: 88672 | CE11: 88672 | CF11: 88672 | CG11: 88672 | CH11: 88672 | CI11: 88672 | CJ11: 88672 | CK11: 88672 | CL11: 88672 | CM11: 88672 | CN11: 88672 | CO11: 88672 | CP11: 88672 | CQ11: 88672 | CR11: 88672 | CS11: 88672 | CT11: 88672 | CU11: 88672 | CV11: 88672 | CW11: 88672 | CX11: 88672 | CY11: 88672 | CZ11: 88672 | DA11: 88672 | DB11: 88672 | DC11: 88672 | DD11: 88672 | DE11: 88672 | DF11: 88672 | DG11: 88672 | DH11: 88672 | DI11: 88672 | DJ11: 88672 | DK11: 88672 | DL11: 88672 | DM11: 88672 | DN11: 88672 | DO11: 88672 | DP11: 88672 | DQ11: 88672 | DR11: 88672 | DS11: 88672 | DT11: 88672 | DU11: 88672 | DV11: 88672 | DW11: 88672 | DX11: 88672 | DY11: 88672 | DZ11: 88672 | EA11: 88672 | EB11: 88672 | EC11: 88672 | ED11: 88672 | EE11: 88672 | EF11: 88672 | EG11: 88672 | EH11: 88672 | EI11: 88672 | EJ11: 88672 | EK11: 88672 | EL11: 88672 | EM11: 88672 | EN11: 88672 | EO11: 88672 | EP11: 88672 | EQ11: 88672 | ER11: 88672 | ES11: 88672 | ET11: 88672 | EU11: 88672 | EV11: 88672 | EW11: 88672 | EX11: 88672 | EY11: 88672 | EZ11: 88672 | FA11: 88672 | FB11: 88672 | FC11: 88672 | FD11: 88672 | FE11: 88672 | FF11: 88672 | FG11: 88672 | FH11: 88672
A12: Civil & Architecture Team | C12: 45184 | D12: 45266 | E12: 70 | F12: 88672 | G12: Budgeted Nonlabor Units | U12: 7117 | V12: 21352 | W12: 15866 | Z12: 2190 | AA12: 6570 | AB12: 6570 | AC12: 6570 | AD12: 6570 | AE12: 6570 | AF12: 6570 | AG12: 2728
A13: Civil & Architecture Team | C13: 45184 | D13: 45266 | E13: 70 | F13: 88672 | G13: Cum Budgeted Nonlabor Units | U13: 7117 | V13: 28470 | W13: 44336 | X13: 44336 | Y13: 44336 | Z13: 46526 | AA13: 53096 | AB13: 59665 | AC13: 66235 | AD13: 72804 | AE13: 79374 | AF13: 85944 | AG13: 88672 | AH13: 88672 | AI13: 88672 | AJ13: 88672 | AK13: 88672 | AL13: 88672 | AM13: 88672 | AN13: 88672 | AO13: 88672 | AP13: 88672 | AQ13: 88672 | AR13: 88672 | AS13: 88672 | AT13: 88672 | AU13: 88672 | AV13: 88672 | AW13: 88672 | AX13: 88672 | AY13: 88672 | AZ13: 88672 | BA13: 88672 | BB13: 88672 | BC13: 88672 | BD13: 88672 | BE13: 88672 | BF13: 88672 | BG13: 88672 | BH13: 88672 | BI13: 88672 | BJ13: 88672 | BK13: 88672 | BL13: 88672 | BM13: 88672 | BN13: 88672 | BO13: 88672 | BP13: 88672 | BQ13: 88672 | BR13: 88672 | BS13: 88672 | BT13: 88672 | BU13: 88672 | BV13: 88672 | BW13: 88672 | BX13: 88672 | BY13: 88672 | BZ13: 88672 | CA13: 88672 | CB13: 88672 | CC13: 88672 | CD13: 88672 | CE13: 88672 | CF13: 88672 | CG13: 88672 | CH13: 88672 | CI13: 88672 | CJ13: 88672 | CK13: 88672 | CL13: 88672 | CM13: 88672 | CN13: 88672 | CO13: 88672 | CP13: 88672 | CQ13: 88672 | CR13: 88672 | CS13: 88672 | CT13: 88672 | CU13: 88672 | CV13: 88672 | CW13: 88672 | CX13: 88672 | CY13: 88672 | CZ13: 88672 | DA13: 88672 | DB13: 88672 | DC13: 88672 | DD13: 88672 | DE13: 88672 | DF13: 88672 | DG13: 88672 | DH13: 88672 | DI13: 88672 | DJ13: 88672 | DK13: 88672 | DL13: 88672 | DM13: 88672 | DN13: 88672 | DO13: 88672 | DP13: 88672 | DQ13: 88672 | DR13: 88672 | DS13: 88672 | DT13: 88672 | DU13: 88672 | DV13: 88672 | DW13: 88672 | DX13: 88672 | DY13: 88672 | DZ13: 88672 | EA13: 88672 | EB13: 88672 | EC13: 88672 | ED13: 88672 | EE13: 88672 | EF13: 88672 | EG13: 88672 | EH13: 88672 | EI13: 88672 | EJ13: 88672 | EK13: 88672 | EL13: 88672 | EM13: 88672 | EN13: 88672 | EO13: 88672 | EP13: 88672 | EQ13: 88672 | ER13: 88672 | ES13: 88672 | ET13: 88672 | EU13: 88672 | EV13: 88672 | EW13: 88672 | EX13: 88672 | EY13: 88672 | EZ13: 88672 | FA13: 88672 | FB13: 88672 | FC13: 88672 | FD13: 88672 | FE13: 88672 | FF13: 88672 | FG13: 88672 | FH13: 88672
A14: 0CF6010W10A7 | B14: Construction Permit & Mobilization | C14: 45184 | D14: 45198 | E14: 12 | F14: 44336 | G14: Budgeted Nonlabor Units | U14: 7117 | V14: 21352 | W14: 15866
A15: 0CF6010W10A7 | B15: Construction Permit & Mobilization | C15: 45184 | D15: 45198 | E15: 12 | F15: 44336 | G15: Cum Budgeted Nonlabor Units | U15: 7117 | V15: 28470 | W15: 44336 | X15: 44336 | Y15: 44336 | Z15: 44336 | AA15: 44336 | AB15: 44336 | AC15: 44336 | AD15: 44336 | AE15: 44336 | AF15: 44336 | AG15: 44336 | AH15: 44336 | AI15: 44336 | AJ15: 44336 | AK15: 44336 | AL15: 44336 | AM15: 44336 | AN15: 44336 | AO15: 44336 | AP15: 44336 | AQ15: 44336 | AR15: 44336 | AS15: 44336 | AT15: 44336 | AU15: 44336 | AV15: 44336 | AW15: 44336 | AX15: 44336 | AY15: 44336 | AZ15: 44336 | BA15: 44336 | BB15: 44336 | BC15: 44336 | BD15: 44336 | BE15: 44336 | BF15: 44336 | BG15: 44336 | BH15: 44336 | BI15: 44336 | BJ15: 44336 | BK15: 44336 | BL15: 44336 | BM15: 44336 | BN15: 44336 | BO15: 44336 | BP15: 44336 | BQ15: 44336 | BR15: 44336 | BS15: 44336 | BT15: 44336 | BU15: 44336 | BV15: 44336 | BW15: 44336 | BX15: 44336 | BY15: 44336 | BZ15: 44336 | CA15: 44336 | CB15: 44336 | CC15: 44336 | CD15: 44336 | CE15: 44336 | CF15: 44336 | CG15: 44336 | CH15: 44336 | CI15: 44336 | CJ15: 44336 | CK15: 44336 | CL15: 44336 | CM15: 44336 | CN15: 44336 | CO15: 44336 | CP15: 44336 | CQ15: 44336 | CR15: 44336 | CS15: 44336 | CT15: 44336 | CU15: 44336 | CV15: 44336 | CW15: 44336 | CX15: 44336 | CY15: 44336 | CZ15: 44336 | DA15: 44336 | DB15: 44336 | DC15: 44336 | DD15: 44336 | DE15: 44336 | DF15: 44336 | DG15: 44336 | DH15: 44336 | DI15: 44336 | DJ15: 44336 | DK15: 44336 | DL15: 44336 | DM15: 44336 | DN15: 44336 | DO15: 44336 | DP15: 44336 | DQ15: 44336 | DR15: 44336 | DS15: 44336 | DT15: 44336 | DU15: 44336 | DV15: 44336 | DW15: 44336 | DX15: 44336 | DY15: 44336 | DZ15: 44336 | EA15: 44336 | EB15: 44336 | EC15: 44336 | ED15: 44336 | EE15: 44336 | EF15: 44336 | EG15: 44336 | EH15: 44336 | EI15: 44336 | EJ15: 44336 | EK15: 44336 | EL15: 44336 | EM15: 44336 | EN15: 44336 | EO15: 44336 | EP15: 44336 | EQ15: 44336 | ER15: 44336 | ES15: 44336 | ET15: 44336 | EU15: 44336 | EV15: 44336 | EW15: 44336 | EX15: 44336 | EY15: 44336 | EZ15: 44336 | FA15: 44336 | FB15: 44336 | FC15: 44336 | FD15: 44336 | FE15: 44336 | FF15: 44336 | FG15: 44336 | FH15: 44336
A16: 0CF6010W10A13 | B16: Temp. Facilities(Office & Camp, Fence Concrete Batch Plant & Others) | C16: 45219 | D16: 45266 | E16: 40 | F16: 44336 | G16: Budgeted Nonlabor Units | Z16: 2190 | AA16: 6570 | AB16: 6570 | AC16: 6570 | AD16: 6570 | AE16: 6570 | AF16: 6570 | AG16: 2728
A17: 0CF6010W10A13 | B17: Temp. Facilities(Office & Camp, Fence Concrete Batch Plant & Others) | C17: 45219 | D17: 45266 | E17: 40 | F17: 44336 | G17: Cum Budgeted Nonlabor Units | Z17: 2190 | AA17: 8760 | AB17: 15329 | AC17: 21899 | AD17: 28468 | AE17: 35038 | AF17: 41608 | AG17: 44336 | AH17: 44336 | AI17: 44336 | AJ17: 44336 | AK17: 44336 | AL17: 44336 | AM17: 44336 | AN17: 44336 | AO17: 44336 | AP17: 44336 | AQ17: 44336 | AR17: 44336 | AS17: 44336 | AT17: 44336 | AU17: 44336 | AV17: 44336 | AW17: 44336 | AX17: 44336 | AY17: 44336 | AZ17: 44336 | BA17: 44336 | BB17: 44336 | BC17: 44336 | BD17: 44336 | BE17: 44336 | BF17: 44336 | BG17: 44336 | BH17: 44336 | BI17: 44336 | BJ17: 44336 | BK17: 44336 | BL17: 44336 | BM17: 44336 | BN17: 44336 | BO17: 44336 | BP17: 44336 | BQ17: 44336 | BR17: 44336 | BS17: 44336 | BT17: 44336 | BU17: 44336 | BV17: 44336 | BW17: 44336 | BX17: 44336 | BY17: 44336 | BZ17: 44336 | CA17: 44336 | CB17: 44336 | CC17: 44336 | CD17: 44336 | CE17: 44336 | CF17: 44336 | CG17: 44336 | CH17: 44336 | CI17: 44336 | CJ17: 44336 | CK17: 44336 | CL17: 44336 | CM17: 44336 | CN17: 44336 | CO17: 44336 | CP17: 44336 | CQ17: 44336 | CR17: 44336 | CS17: 44336 | CT17: 44336 | CU17: 44336 | CV17: 44336 | CW17: 44336 | CX17: 44336 | CY17: 44336 | CZ17: 44336 | DA17: 44336 | DB17: 44336 | DC17: 44336 | DD17: 44336 | DE17: 44336 | DF17: 44336 | DG17: 44336 | DH17: 44336 | DI17: 44336 | DJ17: 44336 | DK17: 44336 | DL17: 44336 | DM17: 44336 | DN17: 44336 | DO17: 44336 | DP17: 44336 | DQ17: 44336 | DR17: 44336 | DS17: 44336 | DT17: 44336 | DU17: 44336 | DV17: 44336 | DW17: 44336 | DX17: 44336 | DY17: 44336 | DZ17: 44336 | EA17: 44336 | EB17: 44336 | EC17: 44336 | ED17: 44336 | EE17: 44336 | EF17: 44336 | EG17: 44336 | EH17: 44336 | EI17: 44336 | EJ17: 44336 | EK17: 44336 | EL17: 44336 | EM17: 44336 | EN17: 44336 | EO17: 44336 | EP17: 44336 | EQ17: 44336 | ER17: 44336 | ES17: 44336 | ET17: 44336 | EU17: 44336 | EV17: 44336 | EW17: 44336 | EX17: 44336 | EY17: 44336 | EZ17: 44336 | FA17: 44336 | FB17: 44336 | FC17: 44336 | FD17: 44336 | FE17: 44336 | FF17: 44336 | FG17: 44336 | FH17: 44336
A18: Survey & Soil Investigation | C18: 45184 | D18: 45208 | E18: 21 | F18: 44336 | G18: Budgeted Nonlabor Units | U18: 4313 | V18: 12940 | W18: 12940 | X18: 12940 | Y18: 1204
A19: Survey & Soil Investigation | C19: 45184 | D19: 45208 | E19: 21 | F19: 44336 | G19: Cum Budgeted Nonlabor Units | U19: 4313 | V19: 17253 | W19: 30192 | X19: 43132 | Y19: 44336 | Z19: 44336 | AA19: 44336 | AB19: 44336 | AC19: 44336 | AD19: 44336 | AE19: 44336 | AF19: 44336 | AG19: 44336 | AH19: 44336 | AI19: 44336 | AJ19: 44336 | AK19: 44336 | AL19: 44336 | AM19: 44336 | AN19: 44336 | AO19: 44336 | AP19: 44336 | AQ19: 44336 | AR19: 44336 | AS19: 44336 | AT19: 44336 | AU19: 44336 | AV19: 44336 | AW19: 44336 | AX19: 44336 | AY19: 44336 | AZ19: 44336 | BA19: 44336 | BB19: 44336 | BC19: 44336 | BD19: 44336 | BE19: 44336 | BF19: 44336 | BG19: 44336 | BH19: 44336 | BI19: 44336 | BJ19: 44336 | BK19: 44336 | BL19: 44336 | BM19: 44336 | BN19: 44336 | BO19: 44336 | BP19: 44336 | BQ19: 44336 | BR19: 44336 | BS19: 44336 | BT19: 44336 | BU19: 44336 | BV19: 44336 | BW19: 44336 | BX19: 44336 | BY19: 44336 | BZ19: 44336 | CA19: 44336 | CB19: 44336 | CC19: 44336 | CD19: 44336 | CE19: 44336 | CF19: 44336 | CG19: 44336 | CH19: 44336 | CI19: 44336 | CJ19: 44336 | CK19: 44336 | CL19: 44336 | CM19: 44336 | CN19: 44336 | CO19: 44336 | CP19: 44336 | CQ19: 44336 | CR19: 44336 | CS19: 44336 | CT19: 44336 | CU19: 44336 | CV19: 44336 | CW19: 44336 | CX19: 44336 | CY19: 44336 | CZ19: 44336 | DA19: 44336 | DB19: 44336 | DC19: 44336 | DD19: 44336 | DE19: 44336 | DF19: 44336 | DG19: 44336 | DH19: 44336 | DI19: 44336 | DJ19: 44336 | DK19: 44336 | DL19: 44336 | DM19: 44336 | DN19: 44336 | DO19: 44336 | DP19: 44336 | DQ19: 44336 | DR19: 44336 | DS19: 44336 | DT19: 44336 | DU19: 44336 | DV19: 44336 | DW19: 44336 | DX19: 44336 | DY19: 44336 | DZ19: 44336 | EA19: 44336 | EB19: 44336 | EC19: 44336 | ED19: 44336 | EE19: 44336 | EF19: 44336 | EG19: 44336 | EH19: 44336 | EI19: 44336 | EJ19: 44336 | EK19: 44336 | EL19: 44336 | EM19: 44336 | EN19: 44336 | EO19: 44336 | EP19: 44336 | EQ19: 44336 | ER19: 44336 | ES19: 44336 | ET19: 44336 | EU19: 44336 | EV19: 44336 | EW19: 44336 | EX19: 44336 | EY19: 44336 | EZ19: 44336 | FA19: 44336 | FB19: 44336 | FC19: 44336 | FD19: 44336 | FE19: 44336 | FF19: 44336 | FG19: 44336 | FH19: 44336
A20: Construction Management | C20: 45184 | D20: 45208 | E20: 21 | F20: 44336 | G20: Budgeted Nonlabor Units | U20: 4313 | V20: 12940 | W20: 12940 | X20: 12940 | Y20: 1204
A21: Construction Management | C21: 45184 | D21: 45208 | E21: 21 | F21: 44336 | G21: Cum Budgeted Nonlabor Units | U21: 4313 | V21: 17253 | W21: 30192 | X21: 43132 | Y21: 44336 | Z21: 44336 | AA21: 44336 | AB21: 44336 | AC21: 44336 | AD21: 44336 | AE21: 44336 | AF21: 44336 | AG21: 44336 | AH21: 44336 | AI21: 44336 | AJ21: 44336 | AK21: 44336 | AL21: 44336 | AM21: 44336 | AN21: 44336 | AO21: 44336 | AP21: 44336 | AQ21: 44336 | AR21: 44336 | AS21: 44336 | AT21: 44336 | AU21: 44336 | AV21: 44336 | AW21: 44336 | AX21: 44336 | AY21: 44336 | AZ21: 44336 | BA21: 44336 | BB21: 44336 | BC21: 44336 | BD21: 44336 | BE21: 44336 | BF21: 44336 | BG21: 44336 | BH21: 44336 | BI21: 44336 | BJ21: 44336 | BK21: 44336 | BL21: 44336 | BM21: 44336 | BN21: 44336 | BO21: 44336 | BP21: 44336 | BQ21: 44336 | BR21: 44336 | BS21: 44336 | BT21: 44336 | BU21: 44336 | BV21: 44336 | BW21: 44336 | BX21: 44336 | BY21: 44336 | BZ21: 44336 | CA21: 44336 | CB21: 44336 | CC21: 44336 | CD21: 44336 | CE21: 44336 | CF21: 44336 | CG21: 44336 | CH21: 44336 | CI21: 44336 | CJ21: 44336 | CK21: 44336 | CL21: 44336 | CM21: 44336 | CN21: 44336 | CO21: 44336 | CP21: 44336 | CQ21: 44336 | CR21: 44336 | CS21: 44336 | CT21: 44336 | CU21: 44336 | CV21: 44336 | CW21: 44336 | CX21: 44336 | CY21: 44336 | CZ21: 44336 | DA21: 44336 | DB21: 44336 | DC21: 44336 | DD21: 44336 | DE21: 44336 | DF21: 44336 | DG21: 44336 | DH21: 44336 | DI21: 44336 | DJ21: 44336 | DK21: 44336 | DL21: 44336 | DM21: 44336 | DN21: 44336 | DO21: 44336 | DP21: 44336 | DQ21: 44336 | DR21: 44336 | DS21: 44336 | DT21: 44336 | DU21: 44336 | DV21: 44336 | DW21: 44336 | DX21: 44336 | DY21: 44336 | DZ21: 44336 | EA21: 44336 | EB21: 44336 | EC21: 44336 | ED21: 44336 | EE21: 44336 | EF21: 44336 | EG21: 44336 | EH21: 44336 | EI21: 44336 | EJ21: 44336 | EK21: 44336 | EL21: 44336 | EM21: 44336 | EN21: 44336 | EO21: 44336 | EP21: 44336 | EQ21: 44336 | ER21: 44336 | ES21: 44336 | ET21: 44336 | EU21: 44336 | EV21: 44336 | EW21: 44336 | EX21: 44336 | EY21: 44336 | EZ21: 44336 | FA21: 44336 | FB21: 44336 | FC21: 44336 | FD21: 44336 | FE21: 44336 | FF21: 44336 | FG21: 44336 | FH21: 44336
A22: Civil & Architecture Team | C22: 45184 | D22: 45208 | E22: 21 | F22: 44336 | G22: Budgeted Nonlabor Units | U22: 4313 | V22: 12940 | W22: 12940 | X22: 12940 | Y22: 1204
A23: Civil & Architecture Team | C23: 45184 | D23: 45208 | E23: 21 | F23: 44336 | G23: Cum Budgeted Nonlabor Units | U23: 4313 | V23: 17253 | W23: 30192 | X23: 43132 | Y23: 44336 | Z23: 44336 | AA23: 44336 | AB23: 44336 | AC23: 44336 | AD23: 44336 | AE23: 44336 | AF23: 44336 | AG23: 44336 | AH23: 44336 | AI23: 44336 | AJ23: 44336 | AK23: 44336 | AL23: 44336 | AM23: 44336 | AN23: 44336 | AO23: 44336 | AP23: 44336 | AQ23: 44336 | AR23: 44336 | AS23: 44336 | AT23: 44336 | AU23: 44336 | AV23: 44336 | AW23: 44336 | AX23: 44336 | AY23: 44336 | AZ23: 44336 | BA23: 44336 | BB23: 44336 | BC23: 44336 | BD23: 44336 | BE23: 44336 | BF23: 44336 | BG23: 44336 | BH23: 44336 | BI23: 44336 | BJ23: 44336 | BK23: 44336 | BL23: 44336 | BM23: 44336 | BN23: 44336 | BO23: 44336 | BP23: 44336 | BQ23: 44336 | BR23: 44336 | BS23: 44336 | BT23: 44336 | BU23: 44336 | BV23: 44336 | BW23: 44336 | BX23: 44336 | BY23: 44336 | BZ23: 44336 | CA23: 44336 | CB23: 44336 | CC23: 44336 | CD23: 44336 | CE23: 44336 | CF23: 44336 | CG23: 44336 | CH23: 44336 | CI23: 44336 | CJ23: 44336 | CK23: 44336 | CL23: 44336 | CM23: 44336 | CN23: 44336 | CO23: 44336 | CP23: 44336 | CQ23: 44336 | CR23: 44336 | CS23: 44336 | CT23: 44336 | CU23: 44336 | CV23: 44336 | CW23: 44336 | CX23: 44336 | CY23: 44336 | CZ23: 44336 | DA23: 44336 | DB23: 44336 | DC23: 44336 | DD23: 44336 | DE23: 44336 | DF23: 44336 | DG23: 44336 | DH23: 44336 | DI23: 44336 | DJ23: 44336 | DK23: 44336 | DL23: 44336 | DM23: 44336 | DN23: 44336 | DO23: 44336 | DP23: 44336 | DQ23: 44336 | DR23: 44336 | DS23: 44336 | DT23: 44336 | DU23: 44336 | DV23: 44336 | DW23: 44336 | DX23: 44336 | DY23: 44336 | DZ23: 44336 | EA23: 44336 | EB23: 44336 | EC23: 44336 | ED23: 44336 | EE23: 44336 | EF23: 44336 | EG23: 44336 | EH23: 44336 | EI23: 44336 | EJ23: 44336 | EK23: 44336 | EL23: 44336 | EM23: 44336 | EN23: 44336 | EO23: 44336 | EP23: 44336 | EQ23: 44336 | ER23: 44336 | ES23: 44336 | ET23: 44336 | EU23: 44336 | EV23: 44336 | EW23: 44336 | EX23: 44336 | EY23: 44336 | EZ23: 44336 | FA23: 44336 | FB23: 44336 | FC23: 44336 | FD23: 44336 | FE23: 44336 | FF23: 44336 | FG23: 44336 | FH23: 44336
A24: 0CF6010W10A8 | B24: Soil investigation | C24: 45184 | D24: 45208 | E24: 21 | F24: 44336 | G24: Budgeted Nonlabor Units | U24: 4313 | V24: 12940 | W24: 12940 | X24: 12940 | Y24: 1204
A25: 0CF6010W10A8 | B25: Soil investigation | C25: 45184 | D25: 45208 | E25: 21 | F25: 44336 | G25: Cum Budgeted Nonlabor Units | U25: 4313 | V25: 17253 | W25: 30192 | X25: 43132 | Y25: 44336 | Z25: 44336 | AA25: 44336 | AB25: 44336 | AC25: 44336 | AD25: 44336 | AE25: 44336 | AF25: 44336 | AG25: 44336 | AH25: 44336 | AI25: 44336 | AJ25: 44336 | AK25: 44336 | AL25: 44336 | AM25: 44336 | AN25: 44336 | AO25: 44336 | AP25: 44336 | AQ25: 44336 | AR25: 44336 | AS25: 44336 | AT25: 44336 | AU25: 44336 | AV25: 44336 | AW25: 44336 | AX25: 44336 | AY25: 44336 | AZ25: 44336 | BA25: 44336 | BB25: 44336 | BC25: 44336 | BD25: 44336 | BE25: 44336 | BF25: 44336 | BG25: 44336 | BH25: 44336 | BI25: 44336 | BJ25: 44336 | BK25: 44336 | BL25: 44336 | BM25: 44336 | BN25: 44336 | BO25: 44336 | BP25: 44336 | BQ25: 44336 | BR25: 44336 | BS25: 44336 | BT25: 44336 | BU25: 44336 | BV25: 44336 | BW25: 44336 | BX25: 44336 | BY25: 44336 | BZ25: 44336 | CA25: 44336 | CB25: 44336 | CC25: 44336 | CD25: 44336 | CE25: 44336 | CF25: 44336 | CG25: 44336 | CH25: 44336 | CI25: 44336 | CJ25: 44336 | CK25: 44336 | CL25: 44336 | CM25: 44336 | CN25: 44336 | CO25: 44336 | CP25: 44336 | CQ25: 44336 | CR25: 44336 | CS25: 44336 | CT25: 44336 | CU25: 44336 | CV25: 44336 | CW25: 44336 | CX25: 44336 | CY25: 44336 | CZ25: 44336 | DA25: 44336 | DB25: 44336 | DC25: 44336 | DD25: 44336 | DE25: 44336 | DF25: 44336 | DG25: 44336 | DH25: 44336 | DI25: 44336 | DJ25: 44336 | DK25: 44336 | DL25: 44336 | DM25: 44336 | DN25: 44336 | DO25: 44336 | DP25: 44336 | DQ25: 44336 | DR25: 44336 | DS25: 44336 | DT25: 44336 | DU25: 44336 | DV25: 44336 | DW25: 44336 | DX25: 44336 | DY25: 44336 | DZ25: 44336 | EA25: 44336 | EB25: 44336 | EC25: 44336 | ED25: 44336 | EE25: 44336 | EF25: 44336 | EG25: 44336 | EH25: 44336 | EI25: 44336 | EJ25: 44336 | EK25: 44336 | EL25: 44336 | EM25: 44336 | EN25: 44336 | EO25: 44336 | EP25: 44336 | EQ25: 44336 | ER25: 44336 | ES25: 44336 | ET25: 44336 | EU25: 44336 | EV25: 44336 | EW25: 44336 | EX25: 44336 | EY25: 44336 | EZ25: 44336 | FA25: 44336 | FB25: 44336 | FC25: 44336 | FD25: 44336 | FE25: 44336 | FF25: 44336 | FG25: 44336 | FH25: 44336
A26: Soil Improvement | C26: 45208 | D26: 45255 | E26: 40 | F26: 44336 | G26: Budgeted Nonlabor Units | Y26: 5958 | Z26: 6570 | AA26: 6570 | AB26: 6570 | AC26: 6570 | AD26: 6570 | AE26: 5529
A27: Soil Improvement | C27: 45208 | D27: 45255 | E27: 40 | F27: 44336 | G27: Cum Budgeted Nonlabor Units | Y27: 5958 | Z27: 12528 | AA27: 19098 | AB27: 25667 | AC27: 32237 | AD27: 38807 | AE27: 44336 | AF27: 44336 | AG27: 44336 | AH27: 44336 | AI27: 44336 | AJ27: 44336 | AK27: 44336 | AL27: 44336 | AM27: 44336 | AN27: 44336 | AO27: 44336 | AP27: 44336 | AQ27: 44336 | AR27: 44336 | AS27: 44336 | AT27: 44336 | AU27: 44336 | AV27: 44336 | AW27: 44336 | AX27: 44336 | AY27: 44336 | AZ27: 44336 | BA27: 44336 | BB27: 44336 | BC27: 44336 | BD27: 44336 | BE27: 44336 | BF27: 44336 | BG27: 44336 | BH27: 44336 | BI27: 44336 | BJ27: 44336 | BK27: 44336 | BL27: 44336 | BM27: 44336 | BN27: 44336 | BO27: 44336 | BP27: 44336 | BQ27: 44336 | BR27: 44336 | BS27: 44336 | BT27: 44336 | BU27: 44336 | BV27: 44336 | BW27: 44336 | BX27: 44336 | BY27: 44336 | BZ27: 44336 | CA27: 44336 | CB27: 44336 | CC27: 44336 | CD27: 44336 | CE27: 44336 | CF27: 44336 | CG27: 44336 | CH27: 44336 | CI27: 44336 | CJ27: 44336 | CK27: 44336 | CL27: 44336 | CM27: 44336 | CN27: 44336 | CO27: 44336 | CP27: 44336 | CQ27: 44336 | CR27: 44336 | CS27: 44336 | CT27: 44336 | CU27: 44336 | CV27: 44336 | CW27: 44336 | CX27: 44336 | CY27: 44336 | CZ27: 44336 | DA27: 44336 | DB27: 44336 | DC27: 44336 | DD27: 44336 | DE27: 44336 | DF27: 44336 | DG27: 44336 | DH27: 44336 | DI27: 44336 | DJ27: 44336 | DK27: 44336 | DL27: 44336 | DM27: 44336 | DN27: 44336 | DO27: 44336 | DP27: 44336 | DQ27: 44336 | DR27: 44336 | DS27: 44336 | DT27: 44336 | DU27: 44336 | DV27: 44336 | DW27: 44336 | DX27: 44336 | DY27: 44336 | DZ27: 44336 | EA27: 44336 | EB27: 44336 | EC27: 44336 | ED27: 44336 | EE27: 44336 | EF27: 44336 | EG27: 44336 | EH27: 44336 | EI27: 44336 | EJ27: 44336 | EK27: 44336 | EL27: 44336 | EM27: 44336 | EN27: 44336 | EO27: 44336 | EP27: 44336 | EQ27: 44336 | ER27: 44336 | ES27: 44336 | ET27: 44336 | EU27: 44336 | EV27: 44336 | EW27: 44336 | EX27: 44336 | EY27: 44336 | EZ27: 44336 | FA27: 44336 | FB27: 44336 | FC27: 44336 | FD27: 44336 | FE27: 44336 | FF27: 44336 | FG27: 44336 | FH27: 44336
A28: Construction Management | C28: 45208 | D28: 45255 | E28: 40 | F28: 44336 | G28: Budgeted Nonlabor Units | Y28: 5958 | Z28: 6570 | AA28: 6570 | AB28: 6570 | AC28: 6570 | AD28: 6570 | AE28: 5529
A29: Construction Management | C29: 45208 | D29: 45255 | E29: 40 | F29: 44336 | G29: Cum Budgeted Nonlabor Units | Y29: 5958 | Z29: 12528 | AA29: 19098 | AB29: 25667 | AC29: 32237 | AD29: 38807 | AE29: 44336 | AF29: 44336 | AG29: 44336 | AH29: 44336 | AI29: 44336 | AJ29: 44336 | AK29: 44336 | AL29: 44336 | AM29: 44336 | AN29: 44336 | AO29: 44336 | AP29: 44336 | AQ29: 44336 | AR29: 44336 | AS29: 44336 | AT29: 44336 | AU29: 44336 | AV29: 44336 | AW29: 44336 | AX29: 44336 | AY29: 44336 | AZ29: 44336 | BA29: 44336 | BB29: 44336 | BC29: 44336 | BD29: 44336 | BE29: 44336 | BF29: 44336 | BG29: 44336 | BH29: 44336 | BI29: 44336 | BJ29: 44336 | BK29: 44336 | BL29: 44336 | BM29: 44336 | BN29: 44336 | BO29: 44336 | BP29: 44336 | BQ29: 44336 | BR29: 44336 | BS29: 44336 | BT29: 44336 | BU29: 44336 | BV29: 44336 | BW29: 44336 | BX29: 44336 | BY29: 44336 | BZ29: 44336 | CA29: 44336 | CB29: 44336 | CC29: 44336 | CD29: 44336 | CE29: 44336 | CF29: 44336 | CG29: 44336 | CH29: 44336 | CI29: 44336 | CJ29: 44336 | CK29: 44336 | CL29: 44336 | CM29: 44336 | CN29: 44336 | CO29: 44336 | CP29: 44336 | CQ29: 44336 | CR29: 44336 | CS29: 44336 | CT29: 44336 | CU29: 44336 | CV29: 44336 | CW29: 44336 | CX29: 44336 | CY29: 44336 | CZ29: 44336 | DA29: 44336 | DB29: 44336 | DC29: 44336 | DD29: 44336 | DE29: 44336 | DF29: 44336 | DG29: 44336 | DH29: 44336 | DI29: 44336 | DJ29: 44336 | DK29: 44336 | DL29: 44336 | DM29: 44336 | DN29: 44336 | DO29: 44336 | DP29: 44336 | DQ29: 44336 | DR29: 44336 | DS29: 44336 | DT29: 44336 | DU29: 44336 | DV29: 44336 | DW29: 44336 | DX29: 44336 | DY29: 44336 | DZ29: 44336 | EA29: 44336 | EB29: 44336 | EC29: 44336 | ED29: 44336 | EE29: 44336 | EF29: 44336 | EG29: 44336 | EH29: 44336 | EI29: 44336 | EJ29: 44336 | EK29: 44336 | EL29: 44336 | EM29: 44336 | EN29: 44336 | EO29: 44336 | EP29: 44336 | EQ29: 44336 | ER29: 44336 | ES29: 44336 | ET29: 44336 | EU29: 44336 | EV29: 44336 | EW29: 44336 | EX29: 44336 | EY29: 44336 | EZ29: 44336 | FA29: 44336 | FB29: 44336 | FC29: 44336 | FD29: 44336 | FE29: 44336 | FF29: 44336 | FG29: 44336 | FH29: 44336
A30: Civil & Architecture Team | C30: 45208 | D30: 45255 | E30: 40 | F30: 44336 | G30: Budgeted Nonlabor Units | Y30: 5958 | Z30: 6570 | AA30: 6570 | AB30: 6570 | AC30: 6570 | AD30: 6570 | AE30: 5529
A31: Civil & Architecture Team | C31: 45208 | D31: 45255 | E31: 40 | F31: 44336 | G31: Cum Budgeted Nonlabor Units | Y31: 5958 | Z31: 12528 | AA31: 19098 | AB31: 25667 | AC31: 32237 | AD31: 38807 | AE31: 44336 | AF31: 44336 | AG31: 44336 | AH31: 44336 | AI31: 44336 | AJ31: 44336 | AK31: 44336 | AL31: 44336 | AM31: 44336 | AN31: 44336 | AO31: 44336 | AP31: 44336 | AQ31: 44336 | AR31: 44336 | AS31: 44336 | AT31: 44336 | AU31: 44336 | AV31: 44336 | AW31: 44336 | AX31: 44336 | AY31: 44336 | AZ31: 44336 | BA31: 44336 | BB31: 44336 | BC31: 44336 | BD31: 44336 | BE31: 44336 | BF31: 44336 | BG31: 44336 | BH31: 44336 | BI31: 44336 | BJ31: 44336 | BK31: 44336 | BL31: 44336 | BM31: 44336 | BN31: 44336 | BO31: 44336 | BP31: 44336 | BQ31: 44336 | BR31: 44336 | BS31: 44336 | BT31: 44336 | BU31: 44336 | BV31: 44336 | BW31: 44336 | BX31: 44336 | BY31: 44336 | BZ31: 44336 | CA31: 44336 | CB31: 44336 | CC31: 44336 | CD31: 44336 | CE31: 44336 | CF31: 44336 | CG31: 44336 | CH31: 44336 | CI31: 44336 | CJ31: 44336 | CK31: 44336 | CL31: 44336 | CM31: 44336 | CN31: 44336 | CO31: 44336 | CP31: 44336 | CQ31: 44336 | CR31: 44336 | CS31: 44336 | CT31: 44336 | CU31: 44336 | CV31: 44336 | CW31: 44336 | CX31: 44336 | CY31: 44336 | CZ31: 44336 | DA31: 44336 | DB31: 44336 | DC31: 44336 | DD31: 44336 | DE31: 44336 | DF31: 44336 | DG31: 44336 | DH31: 44336 | DI31: 44336 | DJ31: 44336 | DK31: 44336 | DL31: 44336 | DM31: 44336 | DN31: 44336 | DO31: 44336 | DP31: 44336 | DQ31: 44336 | DR31: 44336 | DS31: 44336 | DT31: 44336 | DU31: 44336 | DV31: 44336 | DW31: 44336 | DX31: 44336 | DY31: 44336 | DZ31: 44336 | EA31: 44336 | EB31: 44336 | EC31: 44336 | ED31: 44336 | EE31: 44336 | EF31: 44336 | EG31: 44336 | EH31: 44336 | EI31: 44336 | EJ31: 44336 | EK31: 44336 | EL31: 44336 | EM31: 44336 | EN31: 44336 | EO31: 44336 | EP31: 44336 | EQ31: 44336 | ER31: 44336 | ES31: 44336 | ET31: 44336 | EU31: 44336 | EV31: 44336 | EW31: 44336 | EX31: 44336 | EY31: 44336 | EZ31: 44336 | FA31: 44336 | FB31: 44336 | FC31: 44336 | FD31: 44336 | FE31: 44336 | FF31: 44336 | FG31: 44336 | FH31: 44336
A32: 0CF6010W10A18 | B32: Soil Improvement | C32: 45208 | D32: 45255 | E32: 40 | F32: 44336 | G32: Budgeted Nonlabor Units | Y32: 5958 | Z32: 6570 | AA32: 6570 | AB32: 6570 | AC32: 6570 | AD32: 6570 | AE32: 5529
A33: 0CF6010W10A18 | B33: Soil Improvement | C33: 45208 | D33: 45255 | E33: 40 | F33: 44336 | G33: Cum Budgeted Nonlabor Units | Y33: 5958 | Z33: 12528 | AA33: 19098 | AB33: 25667 | AC33: 32237 | AD33: 38807 | AE33: 44336 | AF33: 44336 | AG33: 44336 | AH33: 44336 | AI33: 44336 | AJ33: 44336 | AK33: 44336 | AL33: 44336 | AM33: 44336 | AN33: 44336 | AO33: 44336 | AP33: 44336 | AQ33: 44336 | AR33: 44336 | AS33: 44336 | AT33: 44336 | AU33: 44336 | AV33: 44336 | AW33: 44336 | AX33: 44336 | AY33: 44336 | AZ33: 44336 | BA33: 44336 | BB33: 44336 | BC33: 44336 | BD33: 44336 | BE33: 44336 | BF33: 44336 | BG33: 44336 | BH33: 44336 | BI33: 44336 | BJ33: 44336 | BK33: 44336 | BL33: 44336 | BM33: 44336 | BN33: 44336 | BO33: 44336 | BP33: 44336 | BQ33: 44336 | BR33: 44336 | BS33: 44336 | BT33: 44336 | BU33: 44336 | BV33: 44336 | BW33: 44336 | BX33: 44336 | BY33: 44336 | BZ33: 44336 | CA33: 44336 | CB33: 44336 | CC33: 44336 | CD33: 44336 | CE33: 44336 | CF33: 44336 | CG33: 44336 | CH33: 44336 | CI33: 44336 | CJ33: 44336 | CK33: 44336 | CL33: 44336 | CM33: 44336 | CN33: 44336 | CO33: 44336 | CP33: 44336 | CQ33: 44336 | CR33: 44336 | CS33: 44336 | CT33: 44336 | CU33: 44336 | CV33: 44336 | CW33: 44336 | CX33: 44336 | CY33: 44336 | CZ33: 44336 | DA33: 44336 | DB33: 44336 | DC33: 44336 | DD33: 44336 | DE33: 44336 | DF33: 44336 | DG33: 44336 | DH33: 44336 | DI33: 44336 | DJ33: 44336 | DK33: 44336 | DL33: 44336 | DM33: 44336 | DN33: 44336 | DO33: 44336 | DP33: 44336 | DQ33: 44336 | DR33: 44336 | DS33: 44336 | DT33: 44336 | DU33: 44336 | DV33: 44336 | DW33: 44336 | DX33: 44336 | DY33: 44336 | DZ33: 44336 | EA33: 44336 | EB33: 44336 | EC33: 44336 | ED33: 44336 | EE33: 44336 | EF33: 44336 | EG33: 44336 | EH33: 44336 | EI33: 44336 | EJ33: 44336 | EK33: 44336 | EL33: 44336 | EM33: 44336 | EN33: 44336 | EO33: 44336 | EP33: 44336 | EQ33: 44336 | ER33: 44336 | ES33: 44336 | ET33: 44336 | EU33: 44336 | EV33: 44336 | EW33: 44336 | EX33: 44336 | EY33: 44336 | EZ33: 44336 | FA33: 44336 | FB33: 44336 | FC33: 44336 | FD33: 44336 | FE33: 44336 | FF33: 44336 | FG33: 44336 | FH33: 44336
A34: Owner Scope | C34: 45089 | D34: 45164 | E34: 66 | F34: 0 | G34: Budgeted Nonlabor Units
A35: Owner Scope | C35: 45089 | D35: 45164 | E35: 66 | F35: 0 | G35: Cum Budgeted Nonlabor Units
A36: Construction Management | C36: 45089 | D36: 45164 | E36: 66 | F36: 0 | G36: Budgeted Nonlabor Units
A37: Construction Management | C37: 45089 | D37: 45164 | E37: 66 | F37: 0 | G37: Cum Budgeted Nonlabor Units
A38: Civil & Architecture Team | C38: 45089 | D38: 45164 | E38: 66 | F38: 0 | G38: Budgeted Nonlabor Units
A39: Civil & Architecture Team | C39: 45089 | D39: 45164 | E39: 66 | F39: 0 | G39: Cum Budgeted Nonlabor Units
A40: 0CF6010W10A14 | B40: Site Access Road & Stie Leveling (By Owner) | C40: 45089 | D40: 45164 | E40: 66 | F40: 0 | G40: Budgeted Nonlabor Units
A41: 0CF6010W10A14 | B41: Site Access Road & Stie Leveling (By Owner) | C41: 45089 | D41: 45164 | E41: 66 | F41: 0 | G41: Cum Budgeted Nonlabor Units
A42: 0CF6010W10A15 | B42: Construction Power & Water (By Owner) | C42: 45089 | D42: 45164 | E42: 66 | F42: 0 | G42: Budgeted Nonlabor Units
A43: 0CF6010W10A15 | B43: Construction Power & Water (By Owner) | C43: 45089 | D43: 45164 | E43: 66 | F43: 0 | G43: Cum Budgeted Nonlabor Units
A44: 0CF6010W10A16 | B44: Telecom/communication line (By Owner) | C44: 45089 | D44: 45164 | E44: 66 | F44: 0 | G44: Budgeted Nonlabor Units
A45: 0CF6010W10A16 | B45: Telecom/communication line (By Owner) | C45: 45089 | D45: 45164 | E45: 66 | F45: 0 | G45: Cum Budgeted Nonlabor Units
A46: Power Plant Block #1 | C46: 45400 | D46: 46100 | E46: 601 | F46: 21662709 | G46: Budgeted Nonlabor Units | BF46: 5794 | BG46: 58230 | BH46: 71936 | BI46: 87339 | BJ46: 133917 | BK46: 174978 | BL46: 221648 | BM46: 284944 | BN46: 285336 | BO46: 262295 | BP46: 209827 | BQ46: 157651 | BR46: 115700 | BS46: 101065 | BT46: 94822 | BU46: 103605 | BV46: 155632 | BW46: 206172 | BX46: 300265 | BY46: 390965 | BZ46: 437752 | CA46: 392954 | CB46: 355962 | CC46: 335742 | CD46: 276068 | CE46: 191723 | CF46: 151390 | CG46: 109927 | CH46: 157884 | CI46: 125771 | CJ46: 87249 | CK46: 85283 | CL46: 93075 | CM46: 78260 | CN46: 84588 | CO46: 92458 | CP46: 133199 | CQ46: 244761 | CR46: 352707 | CS46: 230794 | CT46: 333606 | CU46: 301749 | CV46: 231017 | CW46: 252945 | CX46: 184614 | CY46: 224397 | CZ46: 259238 | DA46: 259022 | DB46: 576177 | DC46: 920792 | DD46: 580260 | DE46: 429804 | DF46: 393367 | DG46: 468550 | DH46: 397101 | DI46: 398144 | DJ46: 377142 | DK46: 529188 | DL46: 697174 | DM46: 721492 | DN46: 739642 | DO46: 555997 | DP46: 561291 | DQ46: 636557 | DR46: 388290 | DS46: 293631 | DT46: 281546 | DU46: 208739 | DV46: 148429 | DW46: 263908 | DX46: 217003 | DY46: 186453 | DZ46: 179552 | EA46: 200195 | EB46: 175068 | EC46: 141881 | ED46: 113429 | EE46: 109761 | EF46: 38933 | EG46: 32345 | EH46: 11966 | EI46: 12416 | EJ46: 8977 | EK46: 9358 | EL46: 16317 | EM46: 13376 | EN46: 7420 | EO46: 4623 | EP46: 1726 | EQ46: 106 | ER46: 64195 | ES46: 30955 | ET46: 12832 | EU46: 12832 | EV46: 7508
A47: Power Plant Block #1 | C47: 45400 | D47: 46100 | E47: 601 | F47: 21662709 | G47: Cum Budgeted Nonlabor Units | BF47: 5794 | BG47: 64024 | BH47: 135960 | BI47: 223299 | BJ47: 357216 | BK47: 532194 | BL47: 753842 | BM47: 1038787 | BN47: 1324122 | BO47: 1586417 | BP47: 1796244 | BQ47: 1953894 | BR47: 2069594 | BS47: 2170660 | BT47: 2265482 | BU47: 2369087 | BV47: 2524718 | BW47: 2730891 | BX47: 3031155 | BY47: 3422120 | BZ47: 3859872 | CA47: 4252826 | CB47: 4608788 | CC47: 4944531 | CD47: 5220599 | CE47: 5412322 | CF47: 5563712 | CG47: 5673639 | CH47: 5831523 | CI47: 5957294 | CJ47: 6044543 | CK47: 6129826 | CL47: 6222901 | CM47: 6301161 | CN47: 6385749 | CO47: 6478207 | CP47: 6611407 | CQ47: 6856168 | CR47: 7208875 | CS47: 7439670 | CT47: 7773275 | CU47: 8075025 | CV47: 8306042 | CW47: 8558987 | CX47: 8743601 | CY47: 8967998 | CZ47: 9227236 | DA47: 9486257 | DB47: 10062434 | DC47: 10983226 | DD47: 11563486 | DE47: 11993290 | DF47: 12386657 | DG47: 12855207 | DH47: 13252308 | DI47: 13650451 | DJ47: 14027594 | DK47: 14556781 | DL47: 15253955 | DM47: 15975447 | DN47: 16715089 | DO47: 17271086 | DP47: 17832377 | DQ47: 18468935 | DR47: 18857225 | DS47: 19150856 | DT47: 19432402 | DU47: 19641141 | DV47: 19789569 | DW47: 20053477 | DX47: 20270480 | DY47: 20456933 | DZ47: 20636486 | EA47: 20836680 | EB47: 21011748 | EC47: 21153629 | ED47: 21267058 | EE47: 21376819 | EF47: 21415751 | EG47: 21448096 | EH47: 21460062 | EI47: 21472478 | EJ47: 21481455 | EK47: 21490814 | EL47: 21507131 | EM47: 21520506 | EN47: 21527927 | EO47: 21532550 | EP47: 21534276 | EQ47: 21534381 | ER47: 21598577 | ES47: 21629531 | ET47: 21642363 | EU47: 21655196 | EV47: 21662703 | EW47: 21662703 | EX47: 21662703 | EY47: 21662703 | EZ47: 21662703 | FA47: 21662703 | FB47: 21662703 | FC47: 21662703 | FD47: 21662703 | FE47: 21662703 | FF47: 21662703 | FG47: 21662703 | FH47: 21662703
A48: Power Block #1 | C48: 45444 | D48: 46100 | E48: 563 | F48: 17435761 | G48: Budgeted Nonlabor Units | BF48: 5794 | BG48: 58230 | BH48: 71627 | BI48: 85514 | BJ48: 132299 | BK48: 173593 | BL48: 220453 | BM48: 283984 | BN48: 284622 | BO48: 261754 | BP48: 209557 | BQ48: 157552 | BR48: 115700 | BS48: 101065 | BT48: 94822 | BU48: 102379 | BV48: 148994 | BW48: 187919 | BX48: 264405 | BY48: 343441 | BZ48: 392131 | CA48: 342666 | CB48: 291566 | CC48: 261842 | CD48: 212257 | CE48: 151516 | CF48: 127618 | CG48: 92688 | CH48: 140602 | CI48: 113185 | CJ48: 79968 | CK48: 71851 | CL48: 68545 | CM48: 54475 | CN48: 47354 | CO48: 45645 | CP48: 62809 | CQ48: 174644 | CR48: 298553 | CS48: 189217 | CT48: 264374 | CU48: 200308 | CV48: 186109 | CW48: 219172 | CX48: 159753 | CY48: 186577 | CZ48: 196911 | DA48: 179488 | DB48: 436677 | DC48: 759942 | DD48: 467124 | DE48: 327081 | DF48: 312006 | DG48: 398758 | DH48: 359188 | DI48: 366171 | DJ48: 319610 | DK48: 390612 | DL48: 564964 | DM48: 537044 | DN48: 646063 | DO48: 470354 | DP48: 474527 | DQ48: 532931 | DR48: 330851 | DS48: 236423 | DT48: 213683 | DU48: 78863 | DV48: 118377 | DW48: 197792 | DX48: 138927 | DY48: 130611 | DZ48: 113065 | EA48: 122377 | EB48: 99687 | EC48: 81378 | ED48: 43194 | EE48: 6726 | EF48: 2198 | EG48: 252 | ES48: 9602 | ET48: 12832 | EU48: 12832 | EV48: 7508
A49: Power Block #1 | C49: 45444 | D49: 46100 | E49: 563 | F49: 17435761 | G49: Cum Budgeted Nonlabor Units | BF49: 5794 | BG49: 64024 | BH49: 135651 | BI49: 221164 | BJ49: 353463 | BK49: 527056 | BL49: 747509 | BM49: 1031493 | BN49: 1316115 | BO49: 1577869 | BP49: 1787426 | BQ49: 1944978 | BR49: 2060678 | BS49: 2161744 | BT49: 2256566 | BU49: 2358945 | BV49: 2507939 | BW49: 2695858 | BX49: 2960263 | BY49: 3303704 | BZ49: 3695836 | CA49: 4038502 | CB49: 4330068 | CC49: 4591910 | CD49: 4804167 | CE49: 4955683 | CF49: 5083301 | CG49: 5175989 | CH49: 5316591 | CI49: 5429775 | CJ49: 5509743 | CK49: 5581594 | CL49: 5650139 | CM49: 5704613 | CN49: 5751967 | CO49: 5797612 | CP49: 5860421 | CQ49: 6035065 | CR49: 6333618 | CS49: 6522835 | CT49: 6787209 | CU49: 6987517 | CV49: 7173626 | CW49: 7392798 | CX49: 7552551 | CY49: 7739127 | CZ49: 7936038 | DA49: 8115526 | DB49: 8552203 | DC49: 9312144 | DD49: 9779269 | DE49: 10106349 | DF49: 10418356 | DG49: 10817113 | DH49: 11176302 | DI49: 11542473 | DJ49: 11862083 | DK49: 12252695 | DL49: 12817658 | DM49: 13354702 | DN49: 14000765 | DO49: 14471119 | DP49: 14945646 | DQ49: 15478577 | DR49: 15809428 | DS49: 16045851 | DT49: 16259534 | DU49: 16338397 | DV49: 16456774 | DW49: 16654566 | DX49: 16793494 | DY49: 16924105 | DZ49: 17037170 | EA49: 17159548 | EB49: 17259235 | EC49: 17340613 | ED49: 17383807 | EE49: 17390533 | EF49: 17392731 | EG49: 17392983 | EH49: 17392983 | EI49: 17392983 | EJ49: 17392983 | EK49: 17392983 | EL49: 17392983 | EM49: 17392983 | EN49: 17392983 | EO49: 17392983 | EP49: 17392983 | EQ49: 17392983 | ER49: 17392983 | ES49: 17402585 | ET49: 17415417 | EU49: 17428249 | EV49: 17435757 | EW49: 17435757 | EX49: 17435757 | EY49: 17435757 | EZ49: 17435757 | FA49: 17435757 | FB49: 17435757 | FC49: 17435757 | FD49: 17435757 | FE49: 17435757 | FF49: 17435757 | FG49: 17435757 | FH49: 17435757
A50: Main BLDG Complex (1.1) | C50: 45444 | D50: 45820 | E50: 323 | F50: 3289373 | G50: Budgeted Nonlabor Units | BF50: 3986 | BG50: 47379 | BH50: 47379 | BI50: 47379 | BJ50: 47379 | BK50: 47379 | BL50: 47379 | BM50: 47379 | BN50: 35068 | BO50: 23914 | BP50: 23914 | BQ50: 23914 | BR50: 23914 | BS50: 23914 | BT50: 23914 | BU50: 23914 | BV50: 23914 | BW50: 1960 | CC50: 14096 | CD50: 21144 | CE50: 21144 | CF50: 21144 | CG50: 21144 | CH50: 68044 | CI50: 68120 | CJ50: 60766 | CK50: 57814 | CL50: 52618 | CM50: 47421 | CN50: 42948 | CO50: 38654 | CP50: 32802 | CQ50: 113516 | CR50: 166395 | CS50: 54028 | CT50: 84605 | CU50: 82760 | CV50: 80173 | CW50: 75219 | CX50: 73327 | CY50: 71387 | CZ50: 68179 | DA50: 64301 | DB50: 311896 | DC50: 486575 | DD50: 237189 | DE50: 118002 | DF50: 40820 | DG50: 26241 | DH50: 2923
A51: Main BLDG Complex (1.1) | C51: 45444 | D51: 45820 | E51: 323 | F51: 3289373 | G51: Cum Budgeted Nonlabor Units | BF51: 3986 | BG51: 51365 | BH51: 98743 | BI51: 146122 | BJ51: 193501 | BK51: 240880 | BL51: 288259 | BM51: 335638 | BN51: 370706 | BO51: 394620 | BP51: 418534 | BQ51: 442448 | BR51: 466363 | BS51: 490277 | BT51: 514191 | BU51: 538105 | BV51: 562019 | BW51: 563979 | BX51: 563979 | BY51: 563979 | BZ51: 563979 | CA51: 563979 | CB51: 563979 | CC51: 578075 | CD51: 599219 | CE51: 620363 | CF51: 641507 | CG51: 662651 | CH51: 730694 | CI51: 798815 | CJ51: 859580 | CK51: 917395 | CL51: 970012 | CM51: 1017433 | CN51: 1060382 | CO51: 1099035 | CP51: 1131838 | CQ51: 1245354 | CR51: 1411749 | CS51: 1465776 | CT51: 1550381 | CU51: 1633141 | CV51: 1713314 | CW51: 1788532 | CX51: 1861859 | CY51: 1933247 | CZ51: 2001426 | DA51: 2065727 | DB51: 2377623 | DC51: 2864198 | DD51: 3101387 | DE51: 3219389 | DF51: 3260208 | DG51: 3286449 | DH51: 3289372 | DI51: 3289372 | DJ51: 3289372 | DK51: 3289372 | DL51: 3289372 | DM51: 3289372 | DN51: 3289372 | DO51: 3289372 | DP51: 3289372 | DQ51: 3289372 | DR51: 3289372 | DS51: 3289372 | DT51: 3289372 | DU51: 3289372 | DV51: 3289372 | DW51: 3289372 | DX51: 3289372 | DY51: 3289372 | DZ51: 3289372 | EA51: 3289372 | EB51: 3289372 | EC51: 3289372 | ED51: 3289372 | EE51: 3289372 | EF51: 3289372 | EG51: 3289372 | EH51: 3289372 | EI51: 3289372 | EJ51: 3289372 | EK51: 3289372 | EL51: 3289372 | EM51: 3289372 | EN51: 3289372 | EO51: 3289372 | EP51: 3289372 | EQ51: 3289372 | ER51: 3289372 | ES51: 3289372 | ET51: 3289372 | EU51: 3289372 | EV51: 3289372 | EW51: 3289372 | EX51: 3289372 | EY51: 3289372 | EZ51: 3289372 | FA51: 3289372 | FB51: 3289372 | FC51: 3289372 | FD51: 3289372 | FE51: 3289372 | FF51: 3289372 | FG51: 3289372 | FH51: 3289372
A52: Construction Management | C52: 45444 | D52: 45820 | E52: 323 | F52: 3289373 | G52: Budgeted Nonlabor Units | BF52: 3986 | BG52: 47379 | BH52: 47379 | BI52: 47379 | BJ52: 47379 | BK52: 47379 | BL52: 47379 | BM52: 47379 | BN52: 35068 | BO52: 23914 | BP52: 23914 | BQ52: 23914 | BR52: 23914 | BS52: 23914 | BT52: 23914 | BU52: 23914 | BV52: 23914 | BW52: 1960 | CC52: 14096 | CD52: 21144 | CE52: 21144 | CF52: 21144 | CG52: 21144 | CH52: 68044 | CI52: 68120 | CJ52: 60766 | CK52: 57814 | CL52: 52618 | CM52: 47421 | CN52: 42948 | CO52: 38654 | CP52: 32802 | CQ52: 113516 | CR52: 166395 | CS52: 54028 | CT52: 84605 | CU52: 82760 | CV52: 80173 | CW52: 75219 | CX52: 73327 | CY52: 71387 | CZ52: 68179 | DA52: 64301 | DB52: 311896 | DC52: 486575 | DD52: 237189 | DE52: 118002 | DF52: 40820 | DG52: 26241 | DH52: 2923
A53: Construction Management | C53: 45444 | D53: 45820 | E53: 323 | F53: 3289373 | G53: Cum Budgeted Nonlabor Units | BF53: 3986 | BG53: 51365 | BH53: 98743 | BI53: 146122 | BJ53: 193501 | BK53: 240880 | BL53: 288259 | BM53: 335638 | BN53: 370706 | BO53: 394620 | BP53: 418534 | BQ53: 442448 | BR53: 466363 | BS53: 490277 | BT53: 514191 | BU53: 538105 | BV53: 562019 | BW53: 563979 | BX53: 563979 | BY53: 563979 | BZ53: 563979 | CA53: 563979 | CB53: 563979 | CC53: 578075 | CD53: 599219 | CE53: 620363 | CF53: 641507 | CG53: 662651 | CH53: 730694 | CI53: 798815 | CJ53: 859580 | CK53: 917395 | CL53: 970012 | CM53: 1017433 | CN53: 1060382 | CO53: 1099035 | CP53: 1131838 | CQ53: 1245354 | CR53: 1411749 | CS53: 1465776 | CT53: 1550381 | CU53: 1633141 | CV53: 1713314 | CW53: 1788532 | CX53: 1861859 | CY53: 1933247 | CZ53: 2001426 | DA53: 2065727 | DB53: 2377623 | DC53: 2864198 | DD53: 3101387 | DE53: 3219389 | DF53: 3260208 | DG53: 3286449 | DH53: 3289372 | DI53: 3289372 | DJ53: 3289372 | DK53: 3289372 | DL53: 3289372 | DM53: 3289372 | DN53: 3289372 | DO53: 3289372 | DP53: 3289372 | DQ53: 3289372 | DR53: 3289372 | DS53: 3289372 | DT53: 3289372 | DU53: 3289372 | DV53: 3289372 | DW53: 3289372 | DX53: 3289372 | DY53: 3289372 | DZ53: 3289372 | EA53: 3289372 | EB53: 3289372 | EC53: 3289372 | ED53: 3289372 | EE53: 3289372 | EF53: 3289372 | EG53: 3289372 | EH53: 3289372 | EI53: 3289372 | EJ53: 3289372 | EK53: 3289372 | EL53: 3289372 | EM53: 3289372 | EN53: 3289372 | EO53: 3289372 | EP53: 3289372 | EQ53: 3289372 | ER53: 3289372 | ES53: 3289372 | ET53: 3289372 | EU53: 3289372 | EV53: 3289372 | EW53: 3289372 | EX53: 3289372 | EY53: 3289372 | EZ53: 3289372 | FA53: 3289372 | FB53: 3289372 | FC53: 3289372 | FD53: 3289372 | FE53: 3289372 | FF53: 3289372 | FG53: 3289372 | FH53: 3289372
A54: Civil & Architecture Team | C54: 45444 | D54: 45820 | E54: 323 | F54: 2099996 | G54: Budgeted Nonlabor Units | BF54: 3986 | BG54: 47379 | BH54: 47379 | BI54: 47379 | BJ54: 47379 | BK54: 47379 | BL54: 47379 | BM54: 47379 | BN54: 35068 | BO54: 23914 | BP54: 23914 | BQ54: 23914 | BR54: 23914 | BS54: 23914 | BT54: 23914 | BU54: 23914 | BV54: 23914 | BW54: 1960 | CC54: 14096 | CD54: 21144 | CE54: 21144 | CF54: 21144 | CG54: 21144 | CH54: 68044 | CI54: 68120 | CJ54: 60766 | CK54: 57814 | CL54: 52618 | CM54: 47421 | CN54: 42948 | CO54: 38654 | CP54: 32802 | CQ54: 36200 | CR54: 42369 | CS54: 54028 | CT54: 84605 | CU54: 82760 | CV54: 80173 | CW54: 75219 | CX54: 73327 | CY54: 71387 | CZ54: 68179 | DA54: 64301 | DB54: 51578 | DC54: 42776 | DD54: 40788 | DE54: 37916 | DF54: 33390 | DG54: 26241 | DH54: 2923
A55: Civil & Architecture Team | C55: 45444 | D55: 45820 | E55: 323 | F55: 2099996 | G55: Cum Budgeted Nonlabor Units | BF55: 3986 | BG55: 51365 | BH55: 98743 | BI55: 146122 | BJ55: 193501 | BK55: 240880 | BL55: 288259 | BM55: 335638 | BN55: 370706 | BO55: 394620 | BP55: 418534 | BQ55: 442448 | BR55: 466363 | BS55: 490277 | BT55: 514191 | BU55: 538105 | BV55: 562019 | BW55: 563979 | BX55: 563979 | BY55: 563979 | BZ55: 563979 | CA55: 563979 | CB55: 563979 | CC55: 578075 | CD55: 599219 | CE55: 620363 | CF55: 641507 | CG55: 662651 | CH55: 730694 | CI55: 798815 | CJ55: 859580 | CK55: 917395 | CL55: 970012 | CM55: 1017433 | CN55: 1060382 | CO55: 1099035 | CP55: 1131838 | CQ55: 1168038 | CR55: 1210407 | CS55: 1264434 | CT55: 1349039 | CU55: 1431799 | CV55: 1511972 | CW55: 1587190 | CX55: 1660517 | CY55: 1731905 | CZ55: 1800084 | DA55: 1864385 | DB55: 1915962 | DC55: 1958738 | DD55: 1999526 | DE55: 2037443 | DF55: 2070832 | DG55: 2097073 | DH55: 2099996 | DI55: 2099996 | DJ55: 2099996 | DK55: 2099996 | DL55: 2099996 | DM55: 2099996 | DN55: 2099996 | DO55: 2099996 | DP55: 2099996 | DQ55: 2099996 | DR55: 2099996 | DS55: 2099996 | DT55: 2099996 | DU55: 2099996 | DV55: 2099996 | DW55: 2099996 | DX55: 2099996 | DY55: 2099996 | DZ55: 2099996 | EA55: 2099996 | EB55: 2099996 | EC55: 2099996 | ED55: 2099996 | EE55: 2099996 | EF55: 2099996 | EG55: 2099996 | EH55: 2099996 | EI55: 2099996 | EJ55: 2099996 | EK55: 2099996 | EL55: 2099996 | EM55: 2099996 | EN55: 2099996 | EO55: 2099996 | EP55: 2099996 | EQ55: 2099996 | ER55: 2099996 | ES55: 2099996 | ET55: 2099996 | EU55: 2099996 | EV55: 2099996 | EW55: 2099996 | EX55: 2099996 | EY55: 2099996 | EZ55: 2099996 | FA55: 2099996 | FB55: 2099996 | FC55: 2099996 | FD55: 2099996 | FE55: 2099996 | FF55: 2099996 | FG55: 2099996 | FH55: 2099996
A56: 1CF2010W16A03 | B56: (Main BLDG Complex) FDN Work | C56: 45444 | D56: 45558 | E56: 97 | F56: 388573 | G56: Budgeted Nonlabor Units | BF56: 3986 | BG56: 23914 | BH56: 23914 | BI56: 23914 | BJ56: 23914 | BK56: 23914 | BL56: 23914 | BM56: 23914 | BN56: 23914 | BO56: 23914 | BP56: 23914 | BQ56: 23914 | BR56: 23914 | BS56: 23914 | BT56: 23914 | BU56: 23914 | BV56: 23914 | BW56: 1960
A57: 1CF2010W16A03 | B57: (Main BLDG Complex) FDN Work | C57: 45444 | D57: 45558 | E57: 97 | F57: 388573 | G57: Cum Budgeted Nonlabor Units | BF57: 3986 | BG57: 27900 | BH57: 51814 | BI57: 75728 | BJ57: 99643 | BK57: 123557 | BL57: 147471 | BM57: 171385 | BN57: 195300 | BO57: 219214 | BP57: 243128 | BQ57: 267042 | BR57: 290957 | BS57: 314871 | BT57: 338785 | BU57: 362699 | BV57: 386613 | BW57: 388573 | BX57: 388573 | BY57: 388573 | BZ57: 388573 | CA57: 388573 | CB57: 388573 | CC57: 388573 | CD57: 388573 | CE57: 388573 | CF57: 388573 | CG57: 388573 | CH57: 388573 | CI57: 388573 | CJ57: 388573 | CK57: 388573 | CL57: 388573 | CM57: 388573 | CN57: 388573 | CO57: 388573 | CP57: 388573 | CQ57: 388573 | CR57: 388573 | CS57: 388573 | CT57: 388573 | CU57: 388573 | CV57: 388573 | CW57: 388573 | CX57: 388573 | CY57: 388573 | CZ57: 388573 | DA57: 388573 | DB57: 388573 | DC57: 388573 | DD57: 388573 | DE57: 388573 | DF57: 388573 | DG57: 388573 | DH57: 388573 | DI57: 388573 | DJ57: 388573 | DK57: 388573 | DL57: 388573 | DM57: 388573 | DN57: 388573 | DO57: 388573 | DP57: 388573 | DQ57: 388573 | DR57: 388573 | DS57: 388573 | DT57: 388573 | DU57: 388573 | DV57: 388573 | DW57: 388573 | DX57: 388573 | DY57: 388573 | DZ57: 388573 | EA57: 388573 | EB57: 388573 | EC57: 388573 | ED57: 388573 | EE57: 388573 | EF57: 388573 | EG57: 388573 | EH57: 388573 | EI57: 388573 | EJ57: 388573 | EK57: 388573 | EL57: 388573 | EM57: 388573 | EN57: 388573 | EO57: 388573 | EP57: 388573 | EQ57: 388573 | ER57: 388573 | ES57: 388573 | ET57: 388573 | EU57: 388573 | EV57: 388573 | EW57: 388573 | EX57: 388573 | EY57: 388573 | EZ57: 388573 | FA57: 388573 | FB57: 388573 | FC57: 388573 | FD57: 388573 | FE57: 388573 | FF57: 388573 | FG57: 388573 | FH57: 388573
A58: 1PF2010W20A04P | B58: (Main BLDG Complex) Preparation of Shop Drawing, P.O & Procurement - Structure Work(S/S) | C58: 45446 | D58: 45497 | E58: 45 | F58: 175406 | G58: Budgeted Nonlabor Units | BG58: 23465 | BH58: 23465 | BI58: 23465 | BJ58: 23465 | BK58: 23465 | BL58: 23465 | BM58: 23465 | BN58: 11154
A59: 1PF2010W20A04P | B59: (Main BLDG Complex) Preparation of Shop Drawing, P.O & Procurement - Structure Work(S/S) | C59: 45446 | D59: 45497 | E59: 45 | F59: 175406 | G59: Cum Budgeted Nonlabor Units | BG59: 23465 | BH59: 46929 | BI59: 70394 | BJ59: 93858 | BK59: 117323 | BL59: 140788 | BM59: 164252 | BN59: 175406 | BO59: 175406 | BP59: 175406 | BQ59: 175406 | BR59: 175406 | BS59: 175406 | BT59: 175406 | BU59: 175406 | BV59: 175406 | BW59: 175406 | BX59: 175406 | BY59: 175406 | BZ59: 175406 | CA59: 175406 | CB59: 175406 | CC59: 175406 | CD59: 175406 | CE59: 175406 | CF59: 175406 | CG59: 175406 | CH59: 175406 | CI59: 175406 | CJ59: 175406 | CK59: 175406 | CL59: 175406 | CM59: 175406 | CN59: 175406 | CO59: 175406 | CP59: 175406 | CQ59: 175406 | CR59: 175406 | CS59: 175406 | CT59: 175406 | CU59: 175406 | CV59: 175406 | CW59: 175406 | CX59: 175406 | CY59: 175406 | CZ59: 175406 | DA59: 175406 | DB59: 175406 | DC59: 175406 | DD59: 175406 | DE59: 175406 | DF59: 175406 | DG59: 175406 | DH59: 175406 | DI59: 175406 | DJ59: 175406 | DK59: 175406 | DL59: 175406 | DM59: 175406 | DN59: 175406 | DO59: 175406 | DP59: 175406 | DQ59: 175406 | DR59: 175406 | DS59: 175406 | DT59: 175406 | DU59: 175406 | DV59: 175406 | DW59: 175406 | DX59: 175406 | DY59: 175406 | DZ59: 175406 | EA59: 175406 | EB59: 175406 | EC59: 175406 | ED59: 175406 | EE59: 175406 | EF59: 175406 | EG59: 175406 | EH59: 175406 | EI59: 175406 | EJ59: 175406 | EK59: 175406 | EL59: 175406 | EM59: 175406 | EN59: 175406 | EO59: 175406 | EP59: 175406 | EQ59: 175406 | ER59: 175406 | ES59: 175406 | ET59: 175406 | EU59: 175406 | EV59: 175406 | EW59: 175406 | EX59: 175406 | EY59: 175406 | EZ59: 175406 | FA59: 175406 | FB59: 175406 | FC59: 175406 | FD59: 175406 | FE59: 175406 | FF59: 175406 | FG59: 175406 | FH59: 175406
A60: 1PF2010W20A05T | B60: (Main BLDG Complex) Transportation - Structure Work(S/S 1st delivery) | C60: 45602 | D60: 45635 | E60: 28 | F60: 99883 | G60: Budgeted Nonlabor Units | CC60: 14096 | CD60: 21144 | CE60: 21144 | CF60: 21144 | CG60: 21144 | CH60: 1211
A61: 1PF2010W20A05T | B61: (Main BLDG Complex) Transportation - Structure Work(S/S 1st delivery) | C61: 45602 | D61: 45635 | E61: 28 | F61: 99883 | G61: Cum Budgeted Nonlabor Units | CC61: 14096 | CD61: 35240 | CE61: 56384 | CF61: 77528 | CG61: 98672 | CH61: 99883 | CI61: 99883 | CJ61: 99883 | CK61: 99883 | CL61: 99883 | CM61: 99883 | CN61: 99883 | CO61: 99883 | CP61: 99883 | CQ61: 99883 | CR61: 99883 | CS61: 99883 | CT61: 99883 | CU61: 99883 | CV61: 99883 | CW61: 99883 | CX61: 99883 | CY61: 99883 | CZ61: 99883 | DA61: 99883 | DB61: 99883 | DC61: 99883 | DD61: 99883 | DE61: 99883 | DF61: 99883 | DG61: 99883 | DH61: 99883 | DI61: 99883 | DJ61: 99883 | DK61: 99883 | DL61: 99883 | DM61: 99883 | DN61: 99883 | DO61: 99883 | DP61: 99883 | DQ61: 99883 | DR61: 99883 | DS61: 99883 | DT61: 99883 | DU61: 99883 | DV61: 99883 | DW61: 99883 | DX61: 99883 | DY61: 99883 | DZ61: 99883 | EA61: 99883 | EB61: 99883 | EC61: 99883 | ED61: 99883 | EE61: 99883 | EF61: 99883 | EG61: 99883 | EH61: 99883 | EI61: 99883 | EJ61: 99883 | EK61: 99883 | EL61: 99883 | EM61: 99883 | EN61: 99883 | EO61: 99883 | EP61: 99883 | EQ61: 99883 | ER61: 99883 | ES61: 99883 | ET61: 99883 | EU61: 99883 | EV61: 99883 | EW61: 99883 | EX61: 99883 | EY61: 99883 | EZ61: 99883 | FA61: 99883 | FB61: 99883 | FC61: 99883 | FD61: 99883 | FE61: 99883 | FF61: 99883 | FG61: 99883 | FH61: 99883
A62: 1CF2010W20A06 | B62: (Main BLDG Complex) Structure Work(S/S) | C62: 45635 | D62: 45814 | E62: 154 | F62: 678480 | G62: Budgeted Nonlabor Units | CH62: 24841 | CI62: 26350 | CJ62: 26350 | CK62: 26350 | CL62: 26350 | CM62: 26350 | CN62: 26350 | CO62: 26350 | CP62: 26350 | CQ62: 26350 | CR62: 26350 | CS62: 26350 | CT62: 26350 | CU62: 26350 | CV62: 26350 | CW62: 26350 | CX62: 26350 | CY62: 26350 | CZ62: 26350 | DA62: 26350 | DB62: 26350 | DC62: 26350 | DD62: 26350 | DE62: 26350 | DF62: 26350 | DG62: 21236
A63: 1CF2010W20A06 | B63: (Main BLDG Complex) Structure Work(S/S) | C63: 45635 | D63: 45814 | E63: 154 | F63: 678480 | G63: Cum Budgeted Nonlabor Units | CH63: 24841 | CI63: 51191 | CJ63: 77541 | CK63: 103891 | CL63: 130241 | CM63: 156591 | CN63: 182942 | CO63: 209292 | CP63: 235642 | CQ63: 261992 | CR63: 288342 | CS63: 314692 | CT63: 341043 | CU63: 367393 | CV63: 393743 | CW63: 420093 | CX63: 446443 | CY63: 472793 | CZ63: 499144 | DA63: 525494 | DB63: 551844 | DC63: 578194 | DD63: 604544 | DE63: 630894 | DF63: 657244 | DG63: 678480 | DH63: 678480 | DI63: 678480 | DJ63: 678480 | DK63: 678480 | DL63: 678480 | DM63: 678480 | DN63: 678480 | DO63: 678480 | DP63: 678480 | DQ63: 678480 | DR63: 678480 | DS63: 678480 | DT63: 678480 | DU63: 678480 | DV63: 678480 | DW63: 678480 | DX63: 678480 | DY63: 678480 | DZ63: 678480 | EA63: 678480 | EB63: 678480 | EC63: 678480 | ED63: 678480 | EE63: 678480 | EF63: 678480 | EG63: 678480 | EH63: 678480 | EI63: 678480 | EJ63: 678480 | EK63: 678480 | EL63: 678480 | EM63: 678480 | EN63: 678480 | EO63: 678480 | EP63: 678480 | EQ63: 678480 | ER63: 678480 | ES63: 678480 | ET63: 678480 | EU63: 678480 | EV63: 678480 | EW63: 678480 | EX63: 678480 | EY63: 678480 | EZ63: 678480 | FA63: 678480 | FB63: 678480 | FC63: 678480 | FD63: 678480 | FE63: 678480 | FF63: 678480 | FG63: 678480 | FH63: 678480
A64: 1CF2010W20A27 | B64: (Main BLDG Complex) Structure Work (for GTG #11) | C64: 45635 | D64: 45701 | E64: 57 | F64: 235092 | G64: Budgeted Nonlabor Units | CH64: 41992 | CI64: 41770 | CJ64: 34416 | CK64: 31464 | CL64: 26267 | CM64: 21071 | CN64: 16598 | CO64: 12304 | CP64: 6452 | CQ64: 2758
A65: 1CF2010W20A27 | B65: (Main BLDG Complex) Structure Work (for GTG #11) | C65: 45635 | D65: 45701 | E65: 57 | F65: 235092 | G65: Cum Budgeted Nonlabor Units | CH65: 41992 | CI65: 83762 | CJ65: 118178 | CK65: 149642 | CL65: 175909 | CM65: 196980 | CN65: 213578 | CO65: 225882 | CP65: 232334 | CQ65: 235092 | CR65: 235092 | CS65: 235092 | CT65: 235092 | CU65: 235092 | CV65: 235092 | CW65: 235092 | CX65: 235092 | CY65: 235092 | CZ65: 235092 | DA65: 235092 | DB65: 235092 | DC65: 235092 | DD65: 235092 | DE65: 235092 | DF65: 235092 | DG65: 235092 | DH65: 235092 | DI65: 235092 | DJ65: 235092 | DK65: 235092 | DL65: 235092 | DM65: 235092 | DN65: 235092 | DO65: 235092 | DP65: 235092 | DQ65: 235092 | DR65: 235092 | DS65: 235092 | DT65: 235092 | DU65: 235092 | DV65: 235092 | DW65: 235092 | DX65: 235092 | DY65: 235092 | DZ65: 235092 | EA65: 235092 | EB65: 235092 | EC65: 235092 | ED65: 235092 | EE65: 235092 | EF65: 235092 | EG65: 235092 | EH65: 235092 | EI65: 235092 | EJ65: 235092 | EK65: 235092 | EL65: 235092 | EM65: 235092 | EN65: 235092 | EO65: 235092 | EP65: 235092 | EQ65: 235092 | ER65: 235092 | ES65: 235092 | ET65: 235092 | EU65: 235092 | EV65: 235092 | EW65: 235092 | EX65: 235092 | EY65: 235092 | EZ65: 235092 | FA65: 235092 | FB65: 235092 | FC65: 235092 | FD65: 235092 | FE65: 235092 | FF65: 235092 | FG65: 235092 | FH65: 235092
A66: 1CF2010W20A07 | B66: (Main BLDG Complex) Cladding Work | C66: 45701 | D66: 45777 | E66: 65 | F66: 172969 | G66: Budgeted Nonlabor Units | CQ66: 7092 | CR66: 16019 | CS66: 16019 | CT66: 16019 | CU66: 16019 | CV66: 16019 | CW66: 16019 | CX66: 16019 | CY66: 16019 | CZ66: 16019 | DA66: 16019 | DB66: 5690
A67: 1CF2010W20A07 | B67: (Main BLDG Complex) Cladding Work | C67: 45701 | D67: 45777 | E67: 65 | F67: 172969 | G67: Cum Budgeted Nonlabor Units | CQ67: 7092 | CR67: 23110 | CS67: 39129 | CT67: 55148 | CU67: 71167 | CV67: 87185 | CW67: 103204 | CX67: 119223 | CY67: 135242 | CZ67: 151260 | DA67: 167279 | DB67: 172969 | DC67: 172969 | DD67: 172969 | DE67: 172969 | DF67: 172969 | DG67: 172969 | DH67: 172969 | DI67: 172969 | DJ67: 172969 | DK67: 172969 | DL67: 172969 | DM67: 172969 | DN67: 172969 | DO67: 172969 | DP67: 172969 | DQ67: 172969 | DR67: 172969 | DS67: 172969 | DT67: 172969 | DU67: 172969 | DV67: 172969 | DW67: 172969 | DX67: 172969 | DY67: 172969 | DZ67: 172969 | EA67: 172969 | EB67: 172969 | EC67: 172969 | ED67: 172969 | EE67: 172969 | EF67: 172969 | EG67: 172969 | EH67: 172969 | EI67: 172969 | EJ67: 172969 | EK67: 172969 | EL67: 172969 | EM67: 172969 | EN67: 172969 | EO67: 172969 | EP67: 172969 | EQ67: 172969 | ER67: 172969 | ES67: 172969 | ET67: 172969 | EU67: 172969 | EV67: 172969 | EW67: 172969 | EX67: 172969 | EY67: 172969 | EZ67: 172969 | FA67: 172969 | FB67: 172969 | FC67: 172969 | FD67: 172969 | FE67: 172969 | FF67: 172969 | FG67: 172969 | FH67: 172969
A68: 1CF2010W20A08 | B68: (Main BLDG Complex) Roof Work | C68: 45716 | D68: 45820 | E68: 89 | F68: 349593 | G68: Budgeted Nonlabor Units | CS68: 11659 | CT68: 42236 | CU68: 40391 | CV68: 37804 | CW68: 32850 | CX68: 30958 | CY68: 29018 | CZ68: 25810 | DA68: 21932 | DB68: 19538 | DC68: 16425 | DD68: 14438 | DE68: 11566 | DF68: 7040 | DG68: 5005 | DH68: 2923
A69: 1CF2010W20A08 | B69: (Main BLDG Complex) Roof Work | C69: 45716 | D69: 45820 | E69: 89 | F69: 349593 | G69: Cum Budgeted Nonlabor Units | CS69: 11659 | CT69: 53894 | CU69: 94285 | CV69: 132089 | CW69: 164939 | CX69: 195897 | CY69: 224916 | CZ69: 250726 | DA69: 272658 | DB69: 292196 | DC69: 308621 | DD69: 323059 | DE69: 334625 | DF69: 341665 | DG69: 346670 | DH69: 349593 | DI69: 349593 | DJ69: 349593 | DK69: 349593 | DL69: 349593 | DM69: 349593 | DN69: 349593 | DO69: 349593 | DP69: 349593 | DQ69: 349593 | DR69: 349593 | DS69: 349593 | DT69: 349593 | DU69: 349593 | DV69: 349593 | DW69: 349593 | DX69: 349593 | DY69: 349593 | DZ69: 349593 | EA69: 349593 | EB69: 349593 | EC69: 349593 | ED69: 349593 | EE69: 349593 | EF69: 349593 | EG69: 349593 | EH69: 349593 | EI69: 349593 | EJ69: 349593 | EK69: 349593 | EL69: 349593 | EM69: 349593 | EN69: 349593 | EO69: 349593 | EP69: 349593 | EQ69: 349593 | ER69: 349593 | ES69: 349593 | ET69: 349593 | EU69: 349593 | EV69: 349593 | EW69: 349593 | EX69: 349593 | EY69: 349593 | EZ69: 349593 | FA69: 349593 | FB69: 349593 | FC69: 349593 | FD69: 349593 | FE69: 349593 | FF69: 349593 | FG69: 349593 | FH69: 349593
A70: Mech Team | C70: 45701 | D70: 45798 | E70: 84 | F70: 939377 | G70: Budgeted Nonlabor Units | CQ70: 77316 | CR70: 124026 | DB70: 240254 | DC70: 340115 | DD70: 116195 | DE70: 41470
A71: Mech Team | C71: 45701 | D71: 45798 | E71: 84 | F71: 939377 | G71: Cum Budgeted Nonlabor Units | CQ71: 77316 | CR71: 201342 | CS71: 201342 | CT71: 201342 | CU71: 201342 | CV71: 201342 | CW71: 201342 | CX71: 201342 | CY71: 201342 | CZ71: 201342 | DA71: 201342 | DB71: 441596 | DC71: 781711 | DD71: 897906 | DE71: 939376 | DF71: 939376 | DG71: 939376 | DH71: 939376 | DI71: 939376 | DJ71: 939376 | DK71: 939376 | DL71: 939376 | DM71: 939376 | DN71: 939376 | DO71: 939376 | DP71: 939376 | DQ71: 939376 | DR71: 939376 | DS71: 939376 | DT71: 939376 | DU71: 939376 | DV71: 939376 | DW71: 939376 | DX71: 939376 | DY71: 939376 | DZ71: 939376 | EA71: 939376 | EB71: 939376 | EC71: 939376 | ED71: 939376 | EE71: 939376 | EF71: 939376 | EG71: 939376 | EH71: 939376 | EI71: 939376 | EJ71: 939376 | EK71: 939376 | EL71: 939376 | EM71: 939376 | EN71: 939376 | EO71: 939376 | EP71: 939376 | EQ71: 939376 | ER71: 939376 | ES71: 939376 | ET71: 939376 | EU71: 939376 | EV71: 939376 | EW71: 939376 | EX71: 939376 | EY71: 939376 | EZ71: 939376 | FA71: 939376 | FB71: 939376 | FC71: 939376 | FD71: 939376 | FE71: 939376 | FF71: 939376 | FG71: 939376 | FH71: 939376
A72: 0CF2010W42A07 | B72: (Crane) Crane Erection for Main Building | C72: 45701 | D72: 45710 | E72: 8 | F72: 201342 | G72: Budgeted Nonlabor Units | CQ72: 77316 | CR72: 124026
A73: 0CF2010W42A07 | B73: (Crane) Crane Erection for Main Building | C73: 45701 | D73: 45710 | E73: 8 | F73: 201342 | G73: Cum Budgeted Nonlabor Units | CQ73: 77316 | CR73: 201342 | CS73: 201342 | CT73: 201342 | CU73: 201342 | CV73: 201342 | CW73: 201342 | CX73: 201342 | CY73: 201342 | CZ73: 201342 | DA73: 201342 | DB73: 201342 | DC73: 201342 | DD73: 201342 | DE73: 201342 | DF73: 201342 | DG73: 201342 | DH73: 201342 | DI73: 201342 | DJ73: 201342 | DK73: 201342 | DL73: 201342 | DM73: 201342 | DN73: 201342 | DO73: 201342 | DP73: 201342 | DQ73: 201342 | DR73: 201342 | DS73: 201342 | DT73: 201342 | DU73: 201342 | DV73: 201342 | DW73: 201342 | DX73: 201342 | DY73: 201342 | DZ73: 201342 | EA73: 201342 | EB73: 201342 | EC73: 201342 | ED73: 201342 | EE73: 201342 | EF73: 201342 | EG73: 201342 | EH73: 201342 | EI73: 201342 | EJ73: 201342 | EK73: 201342 | EL73: 201342 | EM73: 201342 | EN73: 201342 | EO73: 201342 | EP73: 201342 | EQ73: 201342 | ER73: 201342 | ES73: 201342 | ET73: 201342 | EU73: 201342 | EV73: 201342 | EW73: 201342 | EX73: 201342 | EY73: 201342 | EZ73: 201342 | FA73: 201342 | FB73: 201342 | FC73: 201342 | FD73: 201342 | FE73: 201342 | FF73: 201342 | FG73: 201342 | FH73: 201342
A74: 1CF2010W38A09 | B74: (Main BLDG Complex) Installation & Test - Fire Fighting Sys. | C74: 45776 | D74: 45792 | E74: 15 | F74: 117903 | G74: Budgeted Nonlabor Units | DB74: 60540 | DC74: 46367 | DD74: 10995
A75: 1CF2010W38A09 | B75: (Main BLDG Complex) Installation & Test - Fire Fighting Sys. | C75: 45776 | D75: 45792 | E75: 15 | F75: 117903 | G75: Cum Budgeted Nonlabor Units | DB75: 60540 | DC75: 106907 | DD75: 117902 | DE75: 117902 | DF75: 117902 | DG75: 117902 | DH75: 117902 | DI75: 117902 | DJ75: 117902 | DK75: 117902 | DL75: 117902 | DM75: 117902 | DN75: 117902 | DO75: 117902 | DP75: 117902 | DQ75: 117902 | DR75: 117902 | DS75: 117902 | DT75: 117902 | DU75: 117902 | DV75: 117902 | DW75: 117902 | DX75: 117902 | DY75: 117902 | DZ75: 117902 | EA75: 117902 | EB75: 117902 | EC75: 117902 | ED75: 117902 | EE75: 117902 | EF75: 117902 | EG75: 117902 | EH75: 117902 | EI75: 117902 | EJ75: 117902 | EK75: 117902 | EL75: 117902 | EM75: 117902 | EN75: 117902 | EO75: 117902 | EP75: 117902 | EQ75: 117902 | ER75: 117902 | ES75: 117902 | ET75: 117902 | EU75: 117902 | EV75: 117902 | EW75: 117902 | EX75: 117902 | EY75: 117902 | EZ75: 117902 | FA75: 117902 | FB75: 117902 | FC75: 117902 | FD75: 117902 | FE75: 117902 | FF75: 117902 | FG75: 117902 | FH75: 117902
A76: 1CF2010W36A10 | B76: (Main BLDG Complex) Equipment Installation | C76: 45777 | D76: 45786 | E76: 8 | F76: 217449 | G76: Budgeted Nonlabor Units | DB76: 149169 | DC76: 68280
A77: 1CF2010W36A10 | B77: (Main BLDG Complex) Equipment Installation | C77: 45777 | D77: 45786 | E77: 8 | F77: 217449 | G77: Cum Budgeted Nonlabor Units | DB77: 149169 | DC77: 217449 | DD77: 217449 | DE77: 217449 | DF77: 217449 | DG77: 217449 | DH77: 217449 | DI77: 217449 | DJ77: 217449 | DK77: 217449 | DL77: 217449 | DM77: 217449 | DN77: 217449 | DO77: 217449 | DP77: 217449 | DQ77: 217449 | DR77: 217449 | DS77: 217449 | DT77: 217449 | DU77: 217449 | DV77: 217449 | DW77: 217449 | DX77: 217449 | DY77: 217449 | DZ77: 217449 | EA77: 217449 | EB77: 217449 | EC77: 217449 | ED77: 217449 | EE77: 217449 | EF77: 217449 | EG77: 217449 | EH77: 217449 | EI77: 217449 | EJ77: 217449 | EK77: 217449 | EL77: 217449 | EM77: 217449 | EN77: 217449 | EO77: 217449 | EP77: 217449 | EQ77: 217449 | ER77: 217449 | ES77: 217449 | ET77: 217449 | EU77: 217449 | EV77: 217449 | EW77: 217449 | EX77: 217449 | EY77: 217449 | EZ77: 217449 | FA77: 217449 | FB77: 217449 | FC77: 217449 | FD77: 217449 | FE77: 217449 | FF77: 217449 | FG77: 217449 | FH77: 217449
A78: 1CF2010W36A11 | B78: (Main BLDG Complex) Duct Work (Incl. Duct & Insulation) | C78: 45780 | D78: 45797 | E78: 14 | F78: 370469 | G78: Budgeted Nonlabor Units | DB78: 30545 | DC78: 225468 | DD78: 105200 | DE78: 9257
A79: 1CF2010W36A11 | B79: (Main BLDG Complex) Duct Work (Incl. Duct & Insulation) | C79: 45780 | D79: 45797 | E79: 14 | F79: 370469 | G79: Cum Budgeted Nonlabor Units | DB79: 30545 | DC79: 256013 | DD79: 361212 | DE79: 370469 | DF79: 370469 | DG79: 370469 | DH79: 370469 | DI79: 370469 | DJ79: 370469 | DK79: 370469 | DL79: 370469 | DM79: 370469 | DN79: 370469 | DO79: 370469 | DP79: 370469 | DQ79: 370469 | DR79: 370469 | DS79: 370469 | DT79: 370469 | DU79: 370469 | DV79: 370469 | DW79: 370469 | DX79: 370469 | DY79: 370469 | DZ79: 370469 | EA79: 370469 | EB79: 370469 | EC79: 370469 | ED79: 370469 | EE79: 370469 | EF79: 370469 | EG79: 370469 | EH79: 370469 | EI79: 370469 | EJ79: 370469 | EK79: 370469 | EL79: 370469 | EM79: 370469 | EN79: 370469 | EO79: 370469 | EP79: 370469 | EQ79: 370469 | ER79: 370469 | ES79: 370469 | ET79: 370469 | EU79: 370469 | EV79: 370469 | EW79: 370469 | EX79: 370469 | EY79: 370469 | EZ79: 370469 | FA79: 370469 | FB79: 370469 | FC79: 370469 | FD79: 370469 | FE79: 370469 | FF79: 370469 | FG79: 370469 | FH79: 370469
A80: 1CF2010W36A12 | B80: (Main BLDG Complex) TAB Work (Test &Adjusting&Balancing) | C80: 45797 | D80: 45798 | E80: 1 | F80: 32214 | G80: Budgeted Nonlabor Units | DE80: 32214
A81: 1CF2010W36A12 | B81: (Main BLDG Complex) TAB Work (Test &Adjusting&Balancing) | C81: 45797 | D81: 45798 | E81: 1 | F81: 32214 | G81: Cum Budgeted Nonlabor Units | DE81: 32214 | DF81: 32214 | DG81: 32214 | DH81: 32214 | DI81: 32214 | DJ81: 32214 | DK81: 32214 | DL81: 32214 | DM81: 32214 | DN81: 32214 | DO81: 32214 | DP81: 32214 | DQ81: 32214 | DR81: 32214 | DS81: 32214 | DT81: 32214 | DU81: 32214 | DV81: 32214 | DW81: 32214 | DX81: 32214 | DY81: 32214 | DZ81: 32214 | EA81: 32214 | EB81: 32214 | EC81: 32214 | ED81: 32214 | EE81: 32214 | EF81: 32214 | EG81: 32214 | EH81: 32214 | EI81: 32214 | EJ81: 32214 | EK81: 32214 | EL81: 32214 | EM81: 32214 | EN81: 32214 | EO81: 32214 | EP81: 32214 | EQ81: 32214 | ER81: 32214 | ES81: 32214 | ET81: 32214 | EU81: 32214 | EV81: 32214 | EW81: 32214 | EX81: 32214 | EY81: 32214 | EZ81: 32214 | FA81: 32214 | FB81: 32214 | FC81: 32214 | FD81: 32214 | FE81: 32214 | FF81: 32214 | FG81: 32214 | FH81: 32214
A82: Elec. & I&C Team | C82: 45777 | D82: 45806 | E82: 25 | F82: 250000 | G82: Budgeted Nonlabor Units | DB82: 20064 | DC82: 103684 | DD82: 80206 | DE82: 38615 | DF82: 7430
A83: Elec. & I&C Team | C83: 45777 | D83: 45806 | E83: 25 | F83: 250000 | G83: Cum Budgeted Nonlabor Units | DB83: 20064 | DC83: 123749 | DD83: 203955 | DE83: 242570 | DF83: 250000 | DG83: 250000 | DH83: 250000 | DI83: 250000 | DJ83: 250000 | DK83: 250000 | DL83: 250000 | DM83: 250000 | DN83: 250000 | DO83: 250000 | DP83: 250000 | DQ83: 250000 | DR83: 250000 | DS83: 250000 | DT83: 250000 | DU83: 250000 | DV83: 250000 | DW83: 250000 | DX83: 250000 | DY83: 250000 | DZ83: 250000 | EA83: 250000 | EB83: 250000 | EC83: 250000 | ED83: 250000 | EE83: 250000 | EF83: 250000 | EG83: 250000 | EH83: 250000 | EI83: 250000 | EJ83: 250000 | EK83: 250000 | EL83: 250000 | EM83: 250000 | EN83: 250000 | EO83: 250000 | EP83: 250000 | EQ83: 250000 | ER83: 250000 | ES83: 250000 | ET83: 250000 | EU83: 250000 | EV83: 250000 | EW83: 250000 | EX83: 250000 | EY83: 250000 | EZ83: 250000 | FA83: 250000 | FB83: 250000 | FC83: 250000 | FD83: 250000 | FE83: 250000 | FF83: 250000 | FG83: 250000 | FH83: 250000
A84: 1CF2010W74A11 | B84: (Main BLDG Complex) Installation & Test - Elec | C84: 45777 | D84: 45806 | E84: 25 | F84: 125000 | G84: Budgeted Nonlabor Units | DB84: 10032 | DC84: 51842 | DD84: 40103 | DE84: 19308 | DF84: 3715
A85: 1CF2010W74A11 | B85: (Main BLDG Complex) Installation & Test - Elec | C85: 45777 | D85: 45806 | E85: 25 | F85: 125000 | G85: Cum Budgeted Nonlabor Units | DB85: 10032 | DC85: 61874 | DD85: 101977 | DE85: 121285 | DF85: 125000 | DG85: 125000 | DH85: 125000 | DI85: 125000 | DJ85: 125000 | DK85: 125000 | DL85: 125000 | DM85: 125000 | DN85: 125000 | DO85: 125000 | DP85: 125000 | DQ85: 125000 | DR85: 125000 | DS85: 125000 | DT85: 125000 | DU85: 125000 | DV85: 125000 | DW85: 125000 | DX85: 125000 | DY85: 125000 | DZ85: 125000 | EA85: 125000 | EB85: 125000 | EC85: 125000 | ED85: 125000 | EE85: 125000 | EF85: 125000 | EG85: 125000 | EH85: 125000 | EI85: 125000 | EJ85: 125000 | EK85: 125000 | EL85: 125000 | EM85: 125000 | EN85: 125000 | EO85: 125000 | EP85: 125000 | EQ85: 125000 | ER85: 125000 | ES85: 125000 | ET85: 125000 | EU85: 125000 | EV85: 125000 | EW85: 125000 | EX85: 125000 | EY85: 125000 | EZ85: 125000 | FA85: 125000 | FB85: 125000 | FC85: 125000 | FD85: 125000 | FE85: 125000 | FF85: 125000 | FG85: 125000 | FH85: 125000
A86: 1CF2010W90A12 | B86: (Main BLDG Complex) Installation & Test - I&C | C86: 45777 | D86: 45806 | E86: 25 | F86: 125000 | G86: Budgeted Nonlabor Units | DB86: 10032 | DC86: 51842 | DD86: 40103 | DE86: 19308 | DF86: 3715
A87: 1CF2010W90A12 | B87: (Main BLDG Complex) Installation & Test - I&C | C87: 45777 | D87: 45806 | E87: 25 | F87: 125000 | G87: Cum Budgeted Nonlabor Units | DB87: 10032 | DC87: 61874 | DD87: 101977 | DE87: 121285 | DF87: 125000 | DG87: 125000 | DH87: 125000 | DI87: 125000 | DJ87: 125000 | DK87: 125000 | DL87: 125000 | DM87: 125000 | DN87: 125000 | DO87: 125000 | DP87: 125000 | DQ87: 125000 | DR87: 125000 | DS87: 125000 | DT87: 125000 | DU87: 125000 | DV87: 125000 | DW87: 125000 | DX87: 125000 | DY87: 125000 | DZ87: 125000 | EA87: 125000 | EB87: 125000 | EC87: 125000 | ED87: 125000 | EE87: 125000 | EF87: 125000 | EG87: 125000 | EH87: 125000 | EI87: 125000 | EJ87: 125000 | EK87: 125000 | EL87: 125000 | EM87: 125000 | EN87: 125000 | EO87: 125000 | EP87: 125000 | EQ87: 125000 | ER87: 125000 | ES87: 125000 | ET87: 125000 | EU87: 125000 | EV87: 125000 | EW87: 125000 | EX87: 125000 | EY87: 125000 | EZ87: 125000 | FA87: 125000 | FB87: 125000 | FC87: 125000 | FD87: 125000 | FE87: 125000 | FF87: 125000 | FG87: 125000 | FH87: 125000
A88: Gas Turbine & Generator | C88: 45444 | D88: 45934 | E88: 420 | F88: 8206221 | G88: Budgeted Nonlabor Units | BF88: 1808 | BG88: 10851 | BH88: 24248 | BI88: 38135 | BJ88: 84920 | BK88: 126214 | BL88: 173075 | BM88: 236605 | BN88: 249553 | BO88: 237840 | BP88: 185643 | BQ88: 132088 | BR88: 84823 | BS88: 55360 | BT88: 31896 | BU88: 38763 | BV88: 71006 | BW88: 121237 | BX88: 194099 | BY88: 266403 | BZ88: 322876 | CA88: 268850 | CB88: 192654 | CC88: 118575 | CD88: 64371 | CE88: 44883 | CF88: 41452 | CG88: 12752 | CH88: 1171 | CV88: 2065 | CW88: 9452 | CX88: 29404 | CY88: 24534 | CZ88: 18238 | DA88: 13101 | DB88: 26054 | DC88: 171919 | DD88: 126718 | DE88: 57912 | DF88: 177944 | DG88: 276936 | DH88: 150005 | DI88: 112506 | DJ88: 93469 | DK88: 325000 | DL88: 438789 | DM88: 438596 | DN88: 332620 | DO88: 332161 | DP88: 381394 | DQ88: 465407 | DR88: 282635 | DS88: 210411 | DT88: 136168 | DU88: 48176 | DV88: 29673 | DW88: 55811 | DX88: 6971
A89: Gas Turbine & Generator | C89: 45444 | D89: 45934 | E89: 420 | F89: 8206221 | G89: Cum Budgeted Nonlabor Units | BF89: 1808 | BG89: 12659 | BH89: 36907 | BI89: 75042 | BJ89: 159962 | BK89: 286176 | BL89: 459251 | BM89: 695856 | BN89: 945409 | BO89: 1183249 | BP89: 1368892 | BQ89: 1500980 | BR89: 1585803 | BS89: 1641163 | BT89: 1673059 | BU89: 1711822 | BV89: 1782828 | BW89: 1904065 | BX89: 2098164 | BY89: 2364567 | BZ89: 2687443 | CA89: 2956293 | CB89: 3148947 | CC89: 3267522 | CD89: 3331892 | CE89: 3376775 | CF89: 3418228 | CG89: 3430979 | CH89: 3432150 | CI89: 3432150 | CJ89: 3432150 | CK89: 3432150 | CL89: 3432150 | CM89: 3432150 | CN89: 3432150 | CO89: 3432150 | CP89: 3432150 | CQ89: 3432150 | CR89: 3432150 | CS89: 3432150 | CT89: 3432150 | CU89: 3432150 | CV89: 3434215 | CW89: 3443667 | CX89: 3473071 | CY89: 3497605 | CZ89: 3515843 | DA89: 3528944 | DB89: 3554998 | DC89: 3726917 | DD89: 3853635 | DE89: 3911547 | DF89: 4089491 | DG89: 4366427 | DH89: 4516432 | DI89: 4628938 | DJ89: 4722407 | DK89: 5047406 | DL89: 5486195 | DM89: 5924792 | DN89: 6257412 | DO89: 6589573 | DP89: 6970967 | DQ89: 7436374 | DR89: 7719009 | DS89: 7929420 | DT89: 8065588 | DU89: 8113764 | DV89: 8143437 | DW89: 8199248 | DX89: 8206219 | DY89: 8206219 | DZ89: 8206219 | EA89: 8206219 | EB89: 8206219 | EC89: 8206219 | ED89: 8206219 | EE89: 8206219 | EF89: 8206219 | EG89: 8206219 | EH89: 8206219 | EI89: 8206219 | EJ89: 8206219 | EK89: 8206219 | EL89: 8206219 | EM89: 8206219 | EN89: 8206219 | EO89: 8206219 | EP89: 8206219 | EQ89: 8206219 | ER89: 8206219 | ES89: 8206219 | ET89: 8206219 | EU89: 8206219 | EV89: 8206219 | EW89: 8206219 | EX89: 8206219 | EY89: 8206219 | EZ89: 8206219 | FA89: 8206219 | FB89: 8206219 | FC89: 8206219 | FD89: 8206219 | FE89: 8206219 | FF89: 8206219 | FG89: 8206219 | FH89: 8206219
A90: GTG #11 | C90: 45444 | D90: 45898 | E90: 390 | F90: 4090238 | G90: Budgeted Nonlabor Units | BF90: 1808 | BG90: 10851 | BH90: 24248 | BI90: 38135 | BJ90: 84920 | BK90: 126214 | BL90: 173075 | BM90: 236605 | BN90: 249553 | BO90: 237840 | BP90: 185643 | BQ90: 132088 | BR90: 84823 | BS90: 53064 | BT90: 23442 | BU90: 13297 | BV90: 5190 | BW90: 155 | CD90: 2617 | CE90: 19552 | CF90: 34256 | CG90: 12654 | CH90: 1171 | CX90: 6775 | CY90: 1224 | CZ90: 7765 | DA90: 10866 | DB90: 1685 | DC90: 15266 | DD90: 30234 | DE90: 31719 | DF90: 177944 | DG90: 276936 | DH90: 150005 | DI90: 112506 | DJ90: 93469 | DK90: 225237 | DL90: 338711 | DM90: 324367 | DN90: 228634 | DO90: 151642 | DP90: 43343 | DQ90: 89485 | DR90: 10332 | DS90: 10894
A91: GTG #11 | C91: 45444 | D91: 45898 | E91: 390 | F91: 4090238 | G91: Cum Budgeted Nonlabor Units | BF91: 1808 | BG91: 12659 | BH91: 36907 | BI91: 75042 | BJ91: 159962 | BK91: 286176 | BL91: 459251 | BM91: 695856 | BN91: 945409 | BO91: 1183249 | BP91: 1368892 | BQ91: 1500980 | BR91: 1585803 | BS91: 1638866 | BT91: 1662309 | BU91: 1675605 | BV91: 1680795 | BW91: 1680950 | BX91: 1680950 | BY91: 1680950 | BZ91: 1680950 | CA91: 1680950 | CB91: 1680950 | CC91: 1680950 | CD91: 1683567 | CE91: 1703119 | CF91: 1737375 | CG91: 1750029 | CH91: 1751200 | CI91: 1751200 | CJ91: 1751200 | CK91: 1751200 | CL91: 1751200 | CM91: 1751200 | CN91: 1751200 | CO91: 1751200 | CP91: 1751200 | CQ91: 1751200 | CR91: 1751200 | CS91: 1751200 | CT91: 1751200 | CU91: 1751200 | CV91: 1751200 | CW91: 1751200 | CX91: 1757975 | CY91: 1759199 | CZ91: 1766963 | DA91: 1777829 | DB91: 1779514 | DC91: 1794780 | DD91: 1825014 | DE91: 1856733 | DF91: 2034677 | DG91: 2311613 | DH91: 2461618 | DI91: 2574124 | DJ91: 2667593 | DK91: 2892829 | DL91: 3231540 | DM91: 3555907 | DN91: 3784541 | DO91: 3936183 | DP91: 3979526 | DQ91: 4069011 | DR91: 4079343 | DS91: 4090237 | DT91: 4090237 | DU91: 4090237 | DV91: 4090237 | DW91: 4090237 | DX91: 4090237 | DY91: 4090237 | DZ91: 4090237 | EA91: 4090237 | EB91: 4090237 | EC91: 4090237 | ED91: 4090237 | EE91: 4090237 | EF91: 4090237 | EG91: 4090237 | EH91: 4090237 | EI91: 4090237 | EJ91: 4090237 | EK91: 4090237 | EL91: 4090237 | EM91: 4090237 | EN91: 4090237 | EO91: 4090237 | EP91: 4090237 | EQ91: 4090237 | ER91: 4090237 | ES91: 4090237 | ET91: 4090237 | EU91: 4090237 | EV91: 4090237 | EW91: 4090237 | EX91: 4090237 | EY91: 4090237 | EZ91: 4090237 | FA91: 4090237 | FB91: 4090237 | FC91: 4090237 | FD91: 4090237 | FE91: 4090237 | FF91: 4090237 | FG91: 4090237 | FH91: 4090237
A92: GTG #11 Main body | C92: 45444 | D92: 45883 | E92: 377 | F92: 3362035 | G92: Budgeted Nonlabor Units | BF92: 1808 | BG92: 10851 | BH92: 24248 | BI92: 38135 | BJ92: 84920 | BK92: 126214 | BL92: 173075 | BM92: 236605 | BN92: 249553 | BO92: 237840 | BP92: 185643 | BQ92: 132088 | BR92: 84823 | BS92: 53064 | BT92: 23442 | BU92: 13297 | BV92: 5190 | BW92: 155 | DF92: 59743 | DG92: 89615 | DH92: 89615 | DI92: 89615 | DJ92: 89615 | DK92: 172037 | DL92: 338711 | DM92: 301347 | DN92: 218193 | DO92: 140716 | DP92: 19009 | DQ92: 72868
A93: GTG #11 Main body | C93: 45444 | D93: 45883 | E93: 377 | F93: 3362035 | G93: Cum Budgeted Nonlabor Units | BF93: 1808 | BG93: 12659 | BH93: 36907 | BI93: 75042 | BJ93: 159962 | BK93: 286176 | BL93: 459251 | BM93: 695856 | BN93: 945409 | BO93: 1183249 | BP93: 1368892 | BQ93: 1500980 | BR93: 1585803 | BS93: 1638866 | BT93: 1662309 | BU93: 1675605 | BV93: 1680795 | BW93: 1680950 | BX93: 1680950 | BY93: 1680950 | BZ93: 1680950 | CA93: 1680950 | CB93: 1680950 | CC93: 1680950 | CD93: 1680950 | CE93: 1680950 | CF93: 1680950 | CG93: 1680950 | CH93: 1680950 | CI93: 1680950 | CJ93: 1680950 | CK93: 1680950 | CL93: 1680950 | CM93: 1680950 | CN93: 1680950 | CO93: 1680950 | CP93: 1680950 | CQ93: 1680950 | CR93: 1680950 | CS93: 1680950 | CT93: 1680950 | CU93: 1680950 | CV93: 1680950 | CW93: 1680950 | CX93: 1680950 | CY93: 1680950 | CZ93: 1680950 | DA93: 1680950 | DB93: 1680950 | DC93: 1680950 | DD93: 1680950 | DE93: 1680950 | DF93: 1740693 | DG93: 1830308 | DH93: 1919924 | DI93: 2009539 | DJ93: 2099154 | DK93: 2271190 | DL93: 2609901 | DM93: 2911248 | DN93: 3129440 | DO93: 3270157 | DP93: 3289166 | DQ93: 3362034 | DR93: 3362034 | DS93: 3362034 | DT93: 3362034 | DU93: 3362034 | DV93: 3362034 | DW93: 3362034 | DX93: 3362034 | DY93: 3362034 | DZ93: 3362034 | EA93: 3362034 | EB93: 3362034 | EC93: 3362034 | ED93: 3362034 | EE93: 3362034 | EF93: 3362034 | EG93: 3362034 | EH93: 3362034 | EI93: 3362034 | EJ93: 3362034 | EK93: 3362034 | EL93: 3362034 | EM93: 3362034 | EN93: 3362034 | EO93: 3362034 | EP93: 3362034 | EQ93: 3362034 | ER93: 3362034 | ES93: 3362034 | ET93: 3362034 | EU93: 3362034 | EV93: 3362034 | EW93: 3362034 | EX93: 3362034 | EY93: 3362034 | EZ93: 3362034 | FA93: 3362034 | FB93: 3362034 | FC93: 3362034 | FD93: 3362034 | FE93: 3362034 | FF93: 3362034 | FG93: 3362034 | FH93: 3362034
A94: Construction Management | C94: 45444 | D94: 45883 | E94: 377 | F94: 3362035 | G94: Budgeted Nonlabor Units | BF94: 1808 | BG94: 10851 | BH94: 24248 | BI94: 38135 | BJ94: 84920 | BK94: 126214 | BL94: 173075 | BM94: 236605 | BN94: 249553 | BO94: 237840 | BP94: 185643 | BQ94: 132088 | BR94: 84823 | BS94: 53064 | BT94: 23442 | BU94: 13297 | BV94: 5190 | BW94: 155 | DF94: 59743 | DG94: 89615 | DH94: 89615 | DI94: 89615 | DJ94: 89615 | DK94: 172037 | DL94: 338711 | DM94: 301347 | DN94: 218193 | DO94: 140716 | DP94: 19009 | DQ94: 72868
A95: Construction Management | C95: 45444 | D95: 45883 | E95: 377 | F95: 3362035 | G95: Cum Budgeted Nonlabor Units | BF95: 1808 | BG95: 12659 | BH95: 36907 | BI95: 75042 | BJ95: 159962 | BK95: 286176 | BL95: 459251 | BM95: 695856 | BN95: 945409 | BO95: 1183249 | BP95: 1368892 | BQ95: 1500980 | BR95: 1585803 | BS95: 1638866 | BT95: 1662309 | BU95: 1675605 | BV95: 1680795 | BW95: 1680950 | BX95: 1680950 | BY95: 1680950 | BZ95: 1680950 | CA95: 1680950 | CB95: 1680950 | CC95: 1680950 | CD95: 1680950 | CE95: 1680950 | CF95: 1680950 | CG95: 1680950 | CH95: 1680950 | CI95: 1680950 | CJ95: 1680950 | CK95: 1680950 | CL95: 1680950 | CM95: 1680950 | CN95: 1680950 | CO95: 1680950 | CP95: 1680950 | CQ95: 1680950 | CR95: 1680950 | CS95: 1680950 | CT95: 1680950 | CU95: 1680950 | CV95: 1680950 | CW95: 1680950 | CX95: 1680950 | CY95: 1680950 | CZ95: 1680950 | DA95: 1680950 | DB95: 1680950 | DC95: 1680950 | DD95: 1680950 | DE95: 1680950 | DF95: 1740693 | DG95: 1830308 | DH95: 1919924 | DI95: 2009539 | DJ95: 2099154 | DK95: 2271190 | DL95: 2609901 | DM95: 2911248 | DN95: 3129440 | DO95: 3270157 | DP95: 3289166 | DQ95: 3362034 | DR95: 3362034 | DS95: 3362034 | DT95: 3362034 | DU95: 3362034 | DV95: 3362034 | DW95: 3362034 | DX95: 3362034 | DY95: 3362034 | DZ95: 3362034 | EA95: 3362034 | EB95: 3362034 | EC95: 3362034 | ED95: 3362034 | EE95: 3362034 | EF95: 3362034 | EG95: 3362034 | EH95: 3362034 | EI95: 3362034 | EJ95: 3362034 | EK95: 3362034 | EL95: 3362034 | EM95: 3362034 | EN95: 3362034 | EO95: 3362034 | EP95: 3362034 | EQ95: 3362034 | ER95: 3362034 | ES95: 3362034 | ET95: 3362034 | EU95: 3362034 | EV95: 3362034 | EW95: 3362034 | EX95: 3362034 | EY95: 3362034 | EZ95: 3362034 | FA95: 3362034 | FB95: 3362034 | FC95: 3362034 | FD95: 3362034 | FE95: 3362034 | FF95: 3362034 | FG95: 3362034 | FH95: 3362034
A96: Civil & Architecture Team | C96: 45444 | D96: 45558 | E96: 97 | F96: 1680950 | G96: Budgeted Nonlabor Units | BF96: 1808 | BG96: 10851 | BH96: 24248 | BI96: 38135 | BJ96: 84920 | BK96: 126214 | BL96: 173075 | BM96: 236605 | BN96: 249553 | BO96: 237840 | BP96: 185643 | BQ96: 132088 | BR96: 84823 | BS96: 53064 | BT96: 23442 | BU96: 13297 | BV96: 5190 | BW96: 155
A97: Civil & Architecture Team | C97: 45444 | D97: 45558 | E97: 97 | F97: 1680950 | G97: Cum Budgeted Nonlabor Units | BF97: 1808 | BG97: 12659 | BH97: 36907 | BI97: 75042 | BJ97: 159962 | BK97: 286176 | BL97: 459251 | BM97: 695856 | BN97: 945409 | BO97: 1183249 | BP97: 1368892 | BQ97: 1500980 | BR97: 1585803 | BS97: 1638866 | BT97: 1662309 | BU97: 1675605 | BV97: 1680795 | BW97: 1680950 | BX97: 1680950 | BY97: 1680950 | BZ97: 1680950 | CA97: 1680950 | CB97: 1680950 | CC97: 1680950 | CD97: 1680950 | CE97: 1680950 | CF97: 1680950 | CG97: 1680950 | CH97: 1680950 | CI97: 1680950 | CJ97: 1680950 | CK97: 1680950 | CL97: 1680950 | CM97: 1680950 | CN97: 1680950 | CO97: 1680950 | CP97: 1680950 | CQ97: 1680950 | CR97: 1680950 | CS97: 1680950 | CT97: 1680950 | CU97: 1680950 | CV97: 1680950 | CW97: 1680950 | CX97: 1680950 | CY97: 1680950 | CZ97: 1680950 | DA97: 1680950 | DB97: 1680950 | DC97: 1680950 | DD97: 1680950 | DE97: 1680950 | DF97: 1680950 | DG97: 1680950 | DH97: 1680950 | DI97: 1680950 | DJ97: 1680950 | DK97: 1680950 | DL97: 1680950 | DM97: 1680950 | DN97: 1680950 | DO97: 1680950 | DP97: 1680950 | DQ97: 1680950 | DR97: 1680950 | DS97: 1680950 | DT97: 1680950 | DU97: 1680950 | DV97: 1680950 | DW97: 1680950 | DX97: 1680950 | DY97: 1680950 | DZ97: 1680950 | EA97: 1680950 | EB97: 1680950 | EC97: 1680950 | ED97: 1680950 | EE97: 1680950 | EF97: 1680950 | EG97: 1680950 | EH97: 1680950 | EI97: 1680950 | EJ97: 1680950 | EK97: 1680950 | EL97: 1680950 | EM97: 1680950 | EN97: 1680950 | EO97: 1680950 | EP97: 1680950 | EQ97: 1680950 | ER97: 1680950 | ES97: 1680950 | ET97: 1680950 | EU97: 1680950 | EV97: 1680950 | EW97: 1680950 | EX97: 1680950 | EY97: 1680950 | EZ97: 1680950 | FA97: 1680950 | FB97: 1680950 | FC97: 1680950 | FD97: 1680950 | FE97: 1680950 | FF97: 1680950 | FG97: 1680950 | FH97: 1680950
A98: 1CF1213W16A07 | B98: (GEN #11) FDN Work | C98: 45444 | D98: 45558 | E98: 97 | F98: 840475 | G98: Budgeted Nonlabor Units | BF98: 865 | BG98: 5190 | BH98: 10866 | BI98: 15568 | BJ98: 39630 | BK98: 52691 | BL98: 77838 | BM98: 106403 | BN98: 119351 | BO98: 119350 | BP98: 100725 | BQ98: 77838 | BR98: 47722 | BS98: 36079 | BT98: 15568 | BU98: 9446 | BV98: 5190 | BW98: 155
A99: 1CF1213W16A07 | B99: (GEN #11) FDN Work | C99: 45444 | D99: 45558 | E99: 97 | F99: 840475 | G99: Cum Budgeted Nonlabor Units | BF99: 865 | BG99: 6055 | BH99: 16921 | BI99: 32488 | BJ99: 72118 | BK99: 124809 | BL99: 202647 | BM99: 309050 | BN99: 428402 | BO99: 547752 | BP99: 648477 | BQ99: 726316 | BR99: 774037 | BS99: 810117 | BT99: 825684 | BU99: 835130 | BV99: 840320 | BW99: 840475 | BX99: 840475 | BY99: 840475 | BZ99: 840475 | CA99: 840475 | CB99: 840475 | CC99: 840475 | CD99: 840475 | CE99: 840475 | CF99: 840475 | CG99: 840475 | CH99: 840475 | CI99: 840475 | CJ99: 840475 | CK99: 840475 | CL99: 840475 | CM99: 840475 | CN99: 840475 | CO99: 840475 | CP99: 840475 | CQ99: 840475 | CR99: 840475 | CS99: 840475 | CT99: 840475 | CU99: 840475 | CV99: 840475 | CW99: 840475 | CX99: 840475 | CY99: 840475 | CZ99: 840475 | DA99: 840475 | DB99: 840475 | DC99: 840475 | DD99: 840475 | DE99: 840475 | DF99: 840475 | DG99: 840475 | DH99: 840475 | DI99: 840475 | DJ99: 840475 | DK99: 840475 | DL99: 840475 | DM99: 840475 | DN99: 840475 | DO99: 840475 | DP99: 840475 | DQ99: 840475 | DR99: 840475 | DS99: 840475 | DT99: 840475 | DU99: 840475 | DV99: 840475 | DW99: 840475 | DX99: 840475 | DY99: 840475 | DZ99: 840475 | EA99: 840475 | EB99: 840475 | EC99: 840475 | ED99: 840475 | EE99: 840475 | EF99: 840475 | EG99: 840475 | EH99: 840475 | EI99: 840475 | EJ99: 840475 | EK99: 840475 | EL99: 840475 | EM99: 840475 | EN99: 840475 | EO99: 840475 | EP99: 840475 | EQ99: 840475 | ER99: 840475 | ES99: 840475 | ET99: 840475 | EU99: 840475 | EV99: 840475 | EW99: 840475 | EX99: 840475 | EY99: 840475 | EZ99: 840475 | FA99: 840475 | FB99: 840475 | FC99: 840475 | FD99: 840475 | FE99: 840475 | FF99: 840475 | FG99: 840475 | FH99: 840475
A100: 1CF1213W16A02 | B100: (GT #11) FDN Work | C100: 45444 | D100: 45548 | E100: 89 | F100: 840475 | G100: Budgeted Nonlabor Units | BF100: 943 | BG100: 5661 | BH100: 13382 | BI100: 22567 | BJ100: 45290 | BK100: 73523 | BL100: 95236 | BM100: 130202 | BN100: 130202 | BO100: 118489 | BP100: 84918 | BQ100: 54249 | BR100: 37102 | BS100: 16984 | BT100: 7875 | BU100: 3851
...

Sheet Sheet3
A1: Activity ID | B1: Activity Name | C1: Start | D1: Finish | E1: Duration | F1: Budgeted Nonlabor Units | G1: Spreadsheet Field | H1: 45088 | I1: 45095 | J1: 45102 | K1: 45109 | L1: 45116 | M1: 45123 | N1: 45130 | O1: 45137 | P1: 45144 | Q1: 45151 | R1: 45158 | S1: 45165 | T1: 45172 | U1: 45179 | V1: 45186 | W1: 45193 | X1: 45200 | Y1: 45207 | Z1: 45214 | AA1: 45221 | AB1: 45228 | AC1: 45235 | AD1: 45242 | AE1: 45249 | AF1: 45256 | AG1: 45263 | AH1: 45270 | AI1: 45277 | AJ1: 45284 | AK1: 45291 | AL1: 45298 | AM1: 45305 | AN1: 45312 | AO1: 45319 | AP1: 45326 | AQ1: 45333 | AR1: 45340 | AS1: 45347 | AT1: 45354 | AU1: 45361 | AV1: 45368 | AW1: 45375 | AX1: 45382 | AY1: 45389 | AZ1: 45396 | BA1: 45403 | BB1: 45410 | BC1: 45417 | BD1: 45424 | BE1: 45431 | BF1: 45438 | BG1: 45445 | BH1: 45452 | BI1: 45459 | BJ1: 45466 | BK1: 45473 | BL1: 45480 | BM1: 45487 | BN1: 45494 | BO1: 45501 | BP1: 45508 | BQ1: 45515 | BR1: 45522 | BS1: 45529 | BT1: 45536 | BU1: 45543 | BV1: 45550 | BW1: 45557 | BX1: 45564 | BY1: 45571 | BZ1: 45578 | CA1: 45585 | CB1: 45592 | CC1: 45599 | CD1: 45606 | CE1: 45613 | CF1: 45620 | CG1: 45627 | CH1: 45634 | CI1: 45641 | CJ1: 45648 | CK1: 45655 | CL1: 45662 | CM1: 45669 | CN1: 45676 | CO1: 45683 | CP1: 45690 | CQ1: 45697 | CR1: 45704 | CS1: 45711 | CT1: 45718 | CU1: 45725 | CV1: 45732 | CW1: 45739 | CX1: 45746 | CY1: 45753 | CZ1: 45760 | DA1: 45767 | DB1: 45774 | DC1: 45781 | DD1: 45788 | DE1: 45795 | DF1: 45802 | DG1: 45809 | DH1: 45816 | DI1: 45823 | DJ1: 45830 | DK1: 45837 | DL1: 45844 | DM1: 45851 | DN1: 45858 | DO1: 45865 | DP1: 45872 | DQ1: 45879 | DR1: 45886 | DS1: 45893 | DT1: 45900 | DU1: 45907 | DV1: 45914 | DW1: 45921 | DX1: 45928 | DY1: 45935 | DZ1: 45942 | EA1: 45949 | EB1: 45956 | EC1: 45963 | ED1: 45970 | EE1: 45977 | EF1: 45984 | EG1: 45991 | EH1: 45998 | EI1: 46005 | EJ1: 46012 | EK1: 46019 | EL1: 46026 | EM1: 46033 | EN1: 46040 | EO1: 46047 | EP1: 46054 | EQ1: 46061 | ER1: 46068 | ES1: 46075 | ET1: 46082 | EU1: 46089 | EV1: 46096 | EW1: 46103 | EX1: 46110 | EY1: 46117 | EZ1: 46124 | FA1: 46131 | FB1: 46138 | FC1: 46145 | FD1: 46152 | FE1: 46159 | FF1: 46166 | FG1: 46173 | FH1: 46180
A2: Construction of a 1000MW CCGT Power Plant in the Turkistan Region, Main Site_New Site | C2: 45089 | D2: 46181 | E2: 937 | F2: 50102810 | G2: Budgeted Nonlabor Units | P2: 467 | Q2: 467 | R2: 467 | S2: 467 | T2: 467 | U2: 11898 | V2: 34759 | W2: 29273 | X2: 13406 | Y2: 7629 | Z2: 9226 | AA2: 13606 | AB2: 13606 | AC2: 13541 | AD2: 13139 | AE2: 12099 | AF2: 6570 | AG2: 2728 | AM2: 1104 | AN2: 1073 | AO2: 817 | AP2: 543 | AQ2: 266 | AR2: 42 | BC2: 70 | BD2: 551 | BE2: 3058 | BF2: 17583 | BG2: 82476 | BH2: 88153 | BI2: 96368 | BJ2: 153489 | BK2: 235381 | BL2: 294696 | BM2: 434172 | BN2: 472392 | BO2: 378701 | BP2: 286904 | BQ2: 263291 | BR2: 208839 | BS2: 219254 | BT2: 239920 | BU2: 309852 | BV2: 298282 | BW2: 359332 | BX2: 615241 | BY2: 764704 | BZ2: 795831 | CA2: 766045 | CB2: 742097 | CC2: 847236 | CD2: 1030887 | CE2: 875032 | CF2: 743328 | CG2: 780703 | CH2: 790027 | CI2: 544088 | CJ2: 403905 | CK2: 452610 | CL2: 669855 | CM2: 945990 | CN2: 1034870 | CO2: 867829 | CP2: 812973 | CQ2: 861984 | CR2: 804109 | CS2: 547989 | CT2: 609346 | CU2: 505644 | CV2: 454729 | CW2: 565519 | CX2: 426537 | CY2: 332504 | CZ2: 411789 | DA2: 433324 | DB2: 826816 | DC2: 1071411 | DD2: 814336 | DE2: 721060 | DF2: 578530 | DG2: 606317 | DH2: 515061 | DI2: 513031 | DJ2: 608194 | DK2: 981210 | DL2: 1016836 | DM2: 988354 | DN2: 1083102 | DO2: 925063 | DP2: 929038 | DQ2: 1009933 | DR2: 791577 | DS2: 711563 | DT2: 632454 | DU2: 593631 | DV2: 597826 | DW2: 763890 | DX2: 771921 | DY2: 782271 | DZ2: 676671 | EA2: 930283 | EB2: 673632 | EC2: 785599 | ED2: 384719 | EE2: 417420 | EF2: 349677 | EG2: 277631 | EH2: 191653 | EI2: 192659 | EJ2: 163731 | EK2: 187392 | EL2: 177892 | EM2: 86261 | EN2: 72886 | EO2: 62614 | EP2: 52069 | EQ2: 29886 | ER2: 90549 | ES2: 81632 | ET2: 52387 | EU2: 97548 | EV2: 46710 | EW2: 10720 | EX2: 3346 | EY2: 298 | EZ2: 2808 | FA2: 8671 | FB2: 6672 | FC2: 10849 | FD2: 34581 | FE2: 12095 | FF2: 14258 | FG2: 14258 | FH2: 2163
A3: Plant General | C3: 45089 | D3: 45266 | E3: 152 | F3: 177344 | G3: Budgeted Nonlabor Units | U3: 11431 | V3: 34292 | W3: 28806 | X3: 12940 | Y3: 7162 | Z3: 8760 | AA3: 13139 | AB3: 13139 | AC3: 13139 | AD3: 13139 | AE3: 12099 | AF3: 6570 | AG3: 2728
A4: General Civil Works | C4: 45089 | D4: 45266 | E4: 152 | F4: 177344 | G4: Budgeted Nonlabor Units | U4: 11431 | V4: 34292 | W4: 28806 | X4: 12940 | Y4: 7162 | Z4: 8760 | AA4: 13139 | AB4: 13139 | AC4: 13139 | AD4: 13139 | AE4: 12099 | AF4: 6570 | AG4: 2728
A5: Site Preparation | C5: 45184 | D5: 45266 | E5: 70 | F5: 177344 | G5: Budgeted Nonlabor Units | U5: 11431 | V5: 34292 | W5: 28806 | X5: 12940 | Y5: 7162 | Z5: 8760 | AA5: 13139 | AB5: 13139 | AC5: 13139 | AD5: 13139 | AE5: 12099 | AF5: 6570 | AG5: 2728
A6: Construction Management | C6: 45184 | D6: 45266 | E6: 70 | F6: 88672 | G6: Budgeted Nonlabor Units | U6: 7117 | V6: 21352 | W6: 15866 | Z6: 2190 | AA6: 6570 | AB6: 6570 | AC6: 6570 | AD6: 6570 | AE6: 6570 | AF6: 6570 | AG6: 2728
A7: Civil & Architecture Team | C7: 45184 | D7: 45266 | E7: 70 | F7: 88672 | G7: Budgeted Nonlabor Units | U7: 7117 | V7: 21352 | W7: 15866 | Z7: 2190 | AA7: 6570 | AB7: 6570 | AC7: 6570 | AD7: 6570 | AE7: 6570 | AF7: 6570 | AG7: 2728
A8: 0CF6010W10A7 | B8: Construction Permit & Mobilization | C8: 45184 | D8: 45198 | E8: 12 | F8: 44336 | G8: Budgeted Nonlabor Units | U8: 7117 | V8: 21352 | W8: 15866
A9: 0CF6010W10A13 | B9: Temp. Facilities(Office & Camp, Fence Concrete Batch Plant & Others) | C9: 45219 | D9: 45266 | E9: 40 | F9: 44336 | G9: Budgeted Nonlabor Units | Z9: 2190 | AA9: 6570 | AB9: 6570 | AC9: 6570 | AD9: 6570 | AE9: 6570 | AF9: 6570 | AG9: 2728
A10: Survey & Soil Investigation | C10: 45184 | D10: 45208 | E10: 21 | F10: 44336 | G10: Budgeted Nonlabor Units | U10: 4313 | V10: 12940 | W10: 12940 | X10: 12940 | Y10: 1204
A11: Construction Management | C11: 45184 | D11: 45208 | E11: 21 | F11: 44336 | G11: Budgeted Nonlabor Units | U11: 4313 | V11: 12940 | W11: 12940 | X11: 12940 | Y11: 1204
A12: Civil & Architecture Team | C12: 45184 | D12: 45208 | E12: 21 | F12: 44336 | G12: Budgeted Nonlabor Units | U12: 4313 | V12: 12940 | W12: 12940 | X12: 12940 | Y12: 1204
A13: 0CF6010W10A8 | B13: Soil investigation | C13: 45184 | D13: 45208 | E13: 21 | F13: 44336 | G13: Budgeted Nonlabor Units | U13: 4313 | V13: 12940 | W13: 12940 | X13: 12940 | Y13: 1204
A14: Soil Improvement | C14: 45208 | D14: 45255 | E14: 40 | F14: 44336 | G14: Budgeted Nonlabor Units | Y14: 5958 | Z14: 6570 | AA14: 6570 | AB14: 6570 | AC14: 6570 | AD14: 6570 | AE14: 5529
A15: Construction Management | C15: 45208 | D15: 45255 | E15: 40 | F15: 44336 | G15: Budgeted Nonlabor Units | Y15: 5958 | Z15: 6570 | AA15: 6570 | AB15: 6570 | AC15: 6570 | AD15: 6570 | AE15: 5529
A16: Civil & Architecture Team | C16: 45208 | D16: 45255 | E16: 40 | F16: 44336 | G16: Budgeted Nonlabor Units | Y16: 5958 | Z16: 6570 | AA16: 6570 | AB16: 6570 | AC16: 6570 | AD16: 6570 | AE16: 5529
A17: 0CF6010W10A18 | B17: Soil Improvement | C17: 45208 | D17: 45255 | E17: 40 | F17: 44336 | G17: Budgeted Nonlabor Units | Y17: 5958 | Z17: 6570 | AA17: 6570 | AB17: 6570 | AC17: 6570 | AD17: 6570 | AE17: 5529
A18: Owner Scope | C18: 45089 | D18: 45164 | E18: 66 | F18: 0 | G18: Budgeted Nonlabor Units
A19: Construction Management | C19: 45089 | D19: 45164 | E19: 66 | F19: 0 | G19: Budgeted Nonlabor Units
A20: Civil & Architecture Team | C20: 45089 | D20: 45164 | E20: 66 | F20: 0 | G20: Budgeted Nonlabor Units
A21: 0CF6010W10A14 | B21: Site Access Road & Stie Leveling (By Owner) | C21: 45089 | D21: 45164 | E21: 66 | F21: 0 | G21: Budgeted Nonlabor Units
A22: 0CF6010W10A15 | B22: Construction Power & Water (By Owner) | C22: 45089 | D22: 45164 | E22: 66 | F22: 0 | G22: Budgeted Nonlabor Units
A23: 0CF6010W10A16 | B23: Telecom/communication line (By Owner) | C23: 45089 | D23: 45164 | E23: 66 | F23: 0 | G23: Budgeted Nonlabor Units
A24: Power Plant Block #1 | C24: 45400 | D24: 46100 | E24: 601 | F24: 21662709 | G24: Budgeted Nonlabor Units | BF24: 5794 | BG24: 58230 | BH24: 71936 | BI24: 87339 | BJ24: 133917 | BK24: 174978 | BL24: 221648 | BM24: 284944 | BN24: 285336 | BO24: 262295 | BP24: 209827 | BQ24: 157651 | BR24: 115700 | BS24: 101065 | BT24: 94822 | BU24: 103605 | BV24: 155632 | BW24: 206172 | BX24: 300265 | BY24: 390965 | BZ24: 437752 | CA24: 392954 | CB24: 355962 | CC24: 335742 | CD24: 276068 | CE24: 191723 | CF24: 151390 | CG24: 109927 | CH24: 157884 | CI24: 125771 | CJ24: 87249 | CK24: 85283 | CL24: 93075 | CM24: 78260 | CN24: 84588 | CO24: 92458 | CP24: 133199 | CQ24: 244761 | CR24: 352707 | CS24: 230794 | CT24: 333606 | CU24: 301749 | CV24: 231017 | CW24: 252945 | CX24: 184614 | CY24: 224397 | CZ24: 259238 | DA24: 259022 | DB24: 576177 | DC24: 920792 | DD24: 580260 | DE24: 429804 | DF24: 393367 | DG24: 468550 | DH24: 397101 | DI24: 398144 | DJ24: 377142 | DK24: 529188 | DL24: 697174 | DM24: 721492 | DN24: 739642 | DO24: 555997 | DP24: 561291 | DQ24: 636557 | DR24: 388290 | DS24: 293631 | DT24: 281546 | DU24: 208739 | DV24: 148429 | DW24: 263908 | DX24: 217003 | DY24: 186453 | DZ24: 179552 | EA24: 200195 | EB24: 175068 | EC24: 141881 | ED24: 113429 | EE24: 109761 | EF24: 38933 | EG24: 32345 | EH24: 11966 | EI24: 12416 | EJ24: 8977 | EK24: 9358 | EL24: 16317 | EM24: 13376 | EN24: 7420 | EO24: 4623 | EP24: 1726 | EQ24: 106 | ER24: 64195 | ES24: 30955 | ET24: 12832 | EU24: 12832 | EV24: 7508
A25: Power Block #1 | C25: 45444 | D25: 46100 | E25: 563 | F25: 17435761 | G25: Budgeted Nonlabor Units | BF25: 5794 | BG25: 58230 | BH25: 71627 | BI25: 85514 | BJ25: 132299 | BK25: 173593 | BL25: 220453 | BM25: 283984 | BN25: 284622 | BO25: 261754 | BP25: 209557 | BQ25: 157552 | BR25: 115700 | BS25: 101065 | BT25: 94822 | BU25: 102379 | BV25: 148994 | BW25: 187919 | BX25: 264405 | BY25: 343441 | BZ25: 392131 | CA25: 342666 | CB25: 291566 | CC25: 261842 | CD25: 212257 | CE25: 151516 | CF25: 127618 | CG25: 92688 | CH25: 140602 | CI25: 113185 | CJ25: 79968 | CK25: 71851 | CL25: 68545 | CM25: 54475 | CN25: 47354 | CO25: 45645 | CP25: 62809 | CQ25: 174644 | CR25: 298553 | CS25: 189217 | CT25: 264374 | CU25: 200308 | CV25: 186109 | CW25: 219172 | CX25: 159753 | CY25: 186577 | CZ25: 196911 | DA25: 179488 | DB25: 436677 | DC25: 759942 | DD25: 467124 | DE25: 327081 | DF25: 312006 | DG25: 398758 | DH25: 359188 | DI25: 366171 | DJ25: 319610 | DK25: 390612 | DL25: 564964 | DM25: 537044 | DN25: 646063 | DO25: 470354 | DP25: 474527 | DQ25: 532931 | DR25: 330851 | DS25: 236423 | DT25: 213683 | DU25: 78863 | DV25: 118377 | DW25: 197792 | DX25: 138927 | DY25: 130611 | DZ25: 113065 | EA25: 122377 | EB25: 99687 | EC25: 81378 | ED25: 43194 | EE25: 6726 | EF25: 2198 | EG25: 252 | ES25: 9602 | ET25: 12832 | EU25: 12832 | EV25: 7508
A26: Main BLDG Complex (1.1) | C26: 45444 | D26: 45820 | E26: 323 | F26: 3289373 | G26: Budgeted Nonlabor Units | BF26: 3986 | BG26: 47379 | BH26: 47379 | BI26: 47379 | BJ26: 47379 | BK26: 47379 | BL26: 47379 | BM26: 47379 | BN26: 35068 | BO26: 23914 | BP26: 23914 | BQ26: 23914 | BR26: 23914 | BS26: 23914 | BT26: 23914 | BU26: 23914 | BV26: 23914 | BW26: 1960 | CC26: 14096 | CD26: 21144 | CE26: 21144 | CF26: 21144 | CG26: 21144 | CH26: 68044 | CI26: 68120 | CJ26: 60766 | CK26: 57814 | CL26: 52618 | CM26: 47421 | CN26: 42948 | CO26: 38654 | CP26: 32802 | CQ26: 113516 | CR26: 166395 | CS26: 54028 | CT26: 84605 | CU26: 82760 | CV26: 80173 | CW26: 75219 | CX26: 73327 | CY26: 71387 | CZ26: 68179 | DA26: 64301 | DB26: 311896 | DC26: 486575 | DD26: 237189 | DE26: 118002 | DF26: 40820 | DG26: 26241 | DH26: 2923
A27: Construction Management | C27: 45444 | D27: 45820 | E27: 323 | F27: 3289373 | G27: Budgeted Nonlabor Units | BF27: 3986 | BG27: 47379 | BH27: 47379 | BI27: 47379 | BJ27: 47379 | BK27: 47379 | BL27: 47379 | BM27: 47379 | BN27: 35068 | BO27: 23914 | BP27: 23914 | BQ27: 23914 | BR27: 23914 | BS27: 23914 | BT27: 23914 | BU27: 23914 | BV27: 23914 | BW27: 1960 | CC27: 14096 | CD27: 21144 | CE27: 21144 | CF27: 21144 | CG27: 21144 | CH27: 68044 | CI27: 68120 | CJ27: 60766 | CK27: 57814 | CL27: 52618 | CM27: 47421 | CN27: 42948 | CO27: 38654 | CP27: 32802 | CQ27: 113516 | CR27: 166395 | CS27: 54028 | CT27: 84605 | CU27: 82760 | CV27: 80173 | CW27: 75219 | CX27: 73327 | CY27: 71387 | CZ27: 68179 | DA27: 64301 | DB27: 311896 | DC27: 486575 | DD27: 237189 | DE27: 118002 | DF27: 40820 | DG27: 26241 | DH27: 2923
A28: Civil & Architecture Team | C28: 45444 | D28: 45820 | E28: 323 | F28: 2099996 | G28: Budgeted Nonlabor Units | BF28: 3986 | BG28: 47379 | BH28: 47379 | BI28: 47379 | BJ28: 47379 | BK28: 47379 | BL28: 47379 | BM28: 47379 | BN28: 35068 | BO28: 23914 | BP28: 23914 | BQ28: 23914 | BR28: 23914 | BS28: 23914 | BT28: 23914 | BU28: 23914 | BV28: 23914 | BW28: 1960 | CC28: 14096 | CD28: 21144 | CE28: 21144 | CF28: 21144 | CG28: 21144 | CH28: 68044 | CI28: 68120 | CJ28: 60766 | CK28: 57814 | CL28: 52618 | CM28: 47421 | CN28: 42948 | CO28: 38654 | CP28: 32802 | CQ28: 36200 | CR28: 42369 | CS28: 54028 | CT28: 84605 | CU28: 82760 | CV28: 80173 | CW28: 75219 | CX28: 73327 | CY28: 71387 | CZ28: 68179 | DA28: 64301 | DB28: 51578 | DC28: 42776 | DD28: 40788 | DE28: 37916 | DF28: 33390 | DG28: 26241 | DH28: 2923
A29: 1CF2010W16A03 | B29: (Main BLDG Complex) FDN Work | C29: 45444 | D29: 45558 | E29: 97 | F29: 388573 | G29: Budgeted Nonlabor Units | BF29: 3986 | BG29: 23914 | BH29: 23914 | BI29: 23914 | BJ29: 23914 | BK29: 23914 | BL29: 23914 | BM29: 23914 | BN29: 23914 | BO29: 23914 | BP29: 23914 | BQ29: 23914 | BR29: 23914 | BS29: 23914 | BT29: 23914 | BU29: 23914 | BV29: 23914 | BW29: 1960
A30: 1PF2010W20A04P | B30: (Main BLDG Complex) Preparation of Shop Drawing, P.O & Procurement - Structure Work(S/S) | C30: 45446 | D30: 45497 | E30: 45 | F30: 175406 | G30: Budgeted Nonlabor Units | BG30: 23465 | BH30: 23465 | BI30: 23465 | BJ30: 23465 | BK30: 23465 | BL30: 23465 | BM30: 23465 | BN30: 11154
A31: 1PF2010W20A05T | B31: (Main BLDG Complex) Transportation - Structure Work(S/S 1st delivery) | C31: 45602 | D31: 45635 | E31: 28 | F31: 99883 | G31: Budgeted Nonlabor Units | CC31: 14096 | CD31: 21144 | CE31: 21144 | CF31: 21144 | CG31: 21144 | CH31: 1211
A32: 1CF2010W20A06 | B32: (Main BLDG Complex) Structure Work(S/S) | C32: 45635 | D32: 45814 | E32: 154 | F32: 678480 | G32: Budgeted Nonlabor Units | CH32: 24841 | CI32: 26350 | CJ32: 26350 | CK32: 26350 | CL32: 26350 | CM32: 26350 | CN32: 26350 | CO32: 26350 | CP32: 26350 | CQ32: 26350 | CR32: 26350 | CS32: 26350 | CT32: 26350 | CU32: 26350 | CV32: 26350 | CW32: 26350 | CX32: 26350 | CY32: 26350 | CZ32: 26350 | DA32: 26350 | DB32: 26350 | DC32: 26350 | DD32: 26350 | DE32: 26350 | DF32: 26350 | DG32: 21236
A33: 1CF2010W20A27 | B33: (Main BLDG Complex) Structure Work (for GTG #11) | C33: 45635 | D33: 45701 | E33: 57 | F33: 235092 | G33: Budgeted Nonlabor Units | CH33: 41992 | CI33: 41770 | CJ33: 34416 | CK33: 31464 | CL33: 26267 | CM33: 21071 | CN33: 16598 | CO33: 12304 | CP33: 6452 | CQ33: 2758
A34: 1CF2010W20A07 | B34: (Main BLDG Complex) Cladding Work | C34: 45701 | D34: 45777 | E34: 65 | F34: 172969 | G34: Budgeted Nonlabor Units | CQ34: 7092 | CR34: 16019 | CS34: 16019 | CT34: 16019 | CU34: 16019 | CV34: 16019 | CW34: 16019 | CX34: 16019 | CY34: 16019 | CZ34: 16019 | DA34: 16019 | DB34: 5690
A35: 1CF2010W20A08 | B35: (Main BLDG Complex) Roof Work | C35: 45716 | D35: 45820 | E35: 89 | F35: 349593 | G35: Budgeted Nonlabor Units | CS35: 11659 | CT35: 42236 | CU35: 40391 | CV35: 37804 | CW35: 32850 | CX35: 30958 | CY35: 29018 | CZ35: 25810 | DA35: 21932 | DB35: 19538 | DC35: 16425 | DD35: 14438 | DE35: 11566 | DF35: 7040 | DG35: 5005 | DH35: 2923
A36: Mech Team | C36: 45701 | D36: 45798 | E36: 84 | F36: 939377 | G36: Budgeted Nonlabor Units | CQ36: 77316 | CR36: 124026 | DB36: 240254 | DC36: 340115 | DD36: 116195 | DE36: 41470
A37: 0CF2010W42A07 | B37: (Crane) Crane Erection for Main Building | C37: 45701 | D37: 45710 | E37: 8 | F37: 201342 | G37: Budgeted Nonlabor Units | CQ37: 77316 | CR37: 124026
A38: 1CF2010W38A09 | B38: (Main BLDG Complex) Installation & Test - Fire Fighting Sys. | C38: 45776 | D38: 45792 | E38: 15 | F38: 117903 | G38: Budgeted Nonlabor Units | DB38: 60540 | DC38: 46367 | DD38: 10995
A39: 1CF2010W36A10 | B39: (Main BLDG Complex) Equipment Installation | C39: 45777 | D39: 45786 | E39: 8 | F39: 217449 | G39: Budgeted Nonlabor Units | DB39: 149169 | DC39: 68280
A40: 1CF2010W36A11 | B40: (Main BLDG Complex) Duct Work (Incl. Duct & Insulation) | C40: 45780 | D40: 45797 | E40: 14 | F40: 370469 | G40: Budgeted Nonlabor Units | DB40: 30545 | DC40: 225468 | DD40: 105200 | DE40: 9257
A41: 1CF2010W36A12 | B41: (Main BLDG Complex) TAB Work (Test &Adjusting&Balancing) | C41: 45797 | D41: 45798 | E41: 1 | F41: 32214 | G41: Budgeted Nonlabor Units | DE41: 32214
A42: Elec. & I&C Team | C42: 45777 | D42: 45806 | E42: 25 | F42: 250000 | G42: Budgeted Nonlabor Units | DB42: 20064 | DC42: 103684 | DD42: 80206 | DE42: 38615 | DF42: 7430
A43: 1CF2010W74A11 | B43: (Main BLDG Complex) Installation & Test - Elec | C43: 45777 | D43: 45806 | E43: 25 | F43: 125000 | G43: Budgeted Nonlabor Units | DB43: 10032 | DC43: 51842 | DD43: 40103 | DE43: 19308 | DF43: 3715
A44: 1CF2010W90A12 | B44: (Main BLDG Complex) Installation & Test - I&C | C44: 45777 | D44: 45806 | E44: 25 | F44: 125000 | G44: Budgeted Nonlabor Units | DB44: 10032 | DC44: 51842 | DD44: 40103 | DE44: 19308 | DF44: 3715
A45: Gas Turbine & Generator | C45: 45444 | D45: 45934 | E45: 420 | F45: 8206221 | G45: Budgeted Nonlabor Units | BF45: 1808 | BG45: 10851 | BH45: 24248 | BI45: 38135 | BJ45: 84920 | BK45: 126214 | BL45: 173075 | BM45: 236605 | BN45: 249553 | BO45: 237840 | BP45: 185643 | BQ45: 132088 | BR45: 84823 | BS45: 55360 | BT45: 31896 | BU45: 38763 | BV45: 71006 | BW45: 121237 | BX45: 194099 | BY45: 266403 | BZ45: 322876 | CA45: 268850 | CB45: 192654 | CC45: 118575 | CD45: 64371 | CE45: 44883 | CF45: 41452 | CG45: 12752 | CH45: 1171 | CV45: 2065 | CW45: 9452 | CX45: 29404 | CY45: 24534 | CZ45: 18238 | DA45: 13101 | DB45: 26054 | DC45: 171919 | DD45: 126718 | DE45: 57912 | DF45: 177944 | DG45: 276936 | DH45: 150005 | DI45: 112506 | DJ45: 93469 | DK45: 325000 | DL45: 438789 | DM45: 438596 | DN45: 332620 | DO45: 332161 | DP45: 381394 | DQ45: 465407 | DR45: 282635 | DS45: 210411 | DT45: 136168 | DU45: 48176 | DV45: 29673 | DW45: 55811 | DX45: 6971
A46: GTG #11 | C46: 45444 | D46: 45898 | E46: 390 | F46: 4090238 | G46: Budgeted Nonlabor Units | BF46: 1808 | BG46: 10851 | BH46: 24248 | BI46: 38135 | BJ46: 84920 | BK46: 126214 | BL46: 173075 | BM46: 236605 | BN46: 249553 | BO46: 237840 | BP46: 185643 | BQ46: 132088 | BR46: 84823 | BS46: 53064 | BT46: 23442 | BU46: 13297 | BV46: 5190 | BW46: 155 | CD46: 2617 | CE46: 19552 | CF46: 34256 | CG46: 12654 | CH46: 1171 | CX46: 6775 | CY46: 1224 | CZ46: 7765 | DA46: 10866 | DB46: 1685 | DC46: 15266 | DD46: 30234 | DE46: 31719 | DF46: 177944 | DG46: 276936 | DH46: 150005 | DI46: 112506 | DJ46: 93469 | DK46: 225237 | DL46: 338711 | DM46: 324367 | DN46: 228634 | DO46: 151642 | DP46: 43343 | DQ46: 89485 | DR46: 10332 | DS46: 10894
A47: GTG #11 Main body | C47: 45444 | D47: 45883 | E47: 377 | F47: 3362035 | G47: Budgeted Nonlabor Units | BF47: 1808 | BG47: 10851 | BH47: 24248 | BI47: 38135 | BJ47: 84920 | BK47: 126214 | BL47: 173075 | BM47: 236605 | BN47: 249553 | BO47: 237840 | BP47: 185643 | BQ47: 132088 | BR47: 84823 | BS47: 53064 | BT47: 23442 | BU47: 13297 | BV47: 5190 | BW47: 155 | DF47: 59743 | DG47: 89615 | DH47: 89615 | DI47: 89615 | DJ47: 89615 | DK47: 172037 | DL47: 338711 | DM47: 301347 | DN47: 218193 | DO47: 140716 | DP47: 19009 | DQ47: 72868
A48: Construction Management | C48: 45444 | D48: 45883 | E48: 377 | F48: 3362035 | G48: Budgeted Nonlabor Units | BF48: 1808 | BG48: 10851 | BH48: 24248 | BI48: 38135 | BJ48: 84920 | BK48: 126214 | BL48: 173075 | BM48: 236605 | BN48: 249553 | BO48: 237840 | BP48: 185643 | BQ48: 132088 | BR48: 84823 | BS48: 53064 | BT48: 23442 | BU48: 13297 | BV48: 5190 | BW48: 155 | DF48: 59743 | DG48: 89615 | DH48: 89615 | DI48: 89615 | DJ48: 89615 | DK48: 172037 | DL48: 338711 | DM48: 301347 | DN48: 218193 | DO48: 140716 | DP48: 19009 | DQ48: 72868
A49: Civil & Architecture Team | C49: 45444 | D49: 45558 | E49: 97 | F49: 1680950 | G49: Budgeted Nonlabor Units | BF49: 1808 | BG49: 10851 | BH49: 24248 | BI49: 38135 | BJ49: 84920 | BK49: 126214 | BL49: 173075 | BM49: 236605 | BN49: 249553 | BO49: 237840 | BP49: 185643 | BQ49: 132088 | BR49: 84823 | BS49: 53064 | BT49: 23442 | BU49: 13297 | BV49: 5190 | BW49: 155
A50: 1CF1213W16A07 | B50: (GEN #11) FDN Work | C50: 45444 | D50: 45558 | E50: 97 | F50: 840475 | G50: Budgeted Nonlabor Units | BF50: 865 | BG50: 5190 | BH50: 10866 | BI50: 15568 | BJ50: 39630 | BK50: 52691 | BL50: 77838 | BM50: 106403 | BN50: 119351 | BO50: 119350 | BP50: 100725 | BQ50: 77838 | BR50: 47722 | BS50: 36079 | BT50: 15568 | BU50: 9446 | BV50: 5190 | BW50: 155
A51: 1CF1213W16A02 | B51: (GT #11) FDN Work | C51: 45444 | D51: 45548 | E51: 89 | F51: 840475 | G51: Budgeted Nonlabor Units | BF51: 943 | BG51: 5661 | BH51: 13382 | BI51: 22567 | BJ51: 45290 | BK51: 73523 | BL51: 95236 | BM51: 130202 | BN51: 130202 | BO51: 118489 | BP51: 84918 | BQ51: 54249 | BR51: 37102 | BS51: 16984 | BT51: 7875 | BU51: 3851
A52: Mech Team | C52: 45805 | D52: 45883 | E52: 68 | F52: 1681085 | G52: Budgeted Nonlabor Units | DF52: 59743 | DG52: 89615 | DH52: 89615 | DI52: 89615 | DJ52: 89615 | DK52: 172037 | DL52: 338711 | DM52: 301347 | DN52: 218193 | DO52: 140716 | DP52: 19009 | DQ52: 72868
A53: 1CF1213W42A05 | B53: (GT #11) Installation(On FDN~Final Alignment) | C53: 45805 | D53: 45873 | E53: 59 | F53: 874619 | G53: Budgeted Nonlabor Units | DF53: 59743 | DG53: 89615 | DH53: 89615 | DI53: 89615 | DJ53: 89615 | DK53: 89615 | DL53: 89615 | DM53: 89615 | DN53: 89615 | DO53: 89615 | DP53: 8339
A54: 1CF1213W42A10 | B54: (GEN #11) Installation | C54: 45838 | D54: 45874 | E54: 32 | F54: 732635 | G54: Budgeted Nonlabor Units | DK54: 82421 | DL54: 249096 | DM54: 211732 | DN54: 128577 | DO54: 51101 | DP54: 9707
A55: 1CF1213W52A11 | B55: (GTG #11) Insulation | C55: 45878 | D55: 45883 | E55: 4 | F55: 73831 | G55: Budgeted Nonlabor Units | DP55: 963 | DQ55: 72868
A56: GTG #11 Electrical System | C56: 45805 | D56: 45891 | E56: 75 | F56: 328685 | G56: Budgeted Nonlabor Units | DF56: 97343 | DG56: 168621 | DH56: 15766 | DO56: 2279 | DP56: 24334 | DQ56: 16616 | DR56: 3726
A57: Construction Management | C57: 45805 | D57: 45891 | E57: 75 | F57: 328685 | G57: Budgeted Nonlabor Units | DF57: 97343 | DG57: 168621 | DH57: 15766 | DO57: 2279 | DP57: 24334 | DQ57: 16616 | DR57: 3726
A58: Elec. & I&C Team | C58: 45805 | D58: 45891 | E58: 75 | F58: 328685 | G58: Budgeted Nonlabor Units | DF58: 97343 | DG58: 168621 | DH58: 15766 | DO58: 2279 | DP58: 24334 | DQ58: 16616 | DR58: 3726
A59: 1CF1255W70A03 | B59: (GTG#11 Electrical) Installation- PCC | C59: 45805 | D59: 45819 | E59: 12 | F59: 46955 | G59: Budgeted Nonlabor Units | DF59: 16224 | DG59: 28104 | DH59: 2628
A60: 1CF1255W70A04 | B60: (GTG#11 Electrical) Installation- MCC | C60: 45805 | D60: 45819 | E60: 12 | F60: 46955 | G60: Budgeted Nonlabor Units | DF60: 16224 | DG60: 28104 | DH60: 2628
A61: 1CF1255W70A05 | B61: (GTG#11 Electrical) Installation- Protection Sys. | C61: 45805 | D61: 45819 | E61: 12 | F61: 46955 | G61: Budgeted Nonlabor Units | DF61: 16224 | DG61: 28104 | DH61: 2628
A62: 1CF1255W70A07 | B62: (GTG#11 Electrical) Installation- SEE&SFC Sys. | C62: 45805 | D62: 45819 | E62: 12 | F62: 46955 | G62: Budgeted Nonlabor Units | DF62: 16224 | DG62: 28104 | DH62: 2628
A63: 1CF1255W70A08 | B63: (GTG#11 Electrical) Installation- DC&UPS Sys. | C63: 45805 | D63: 45819 | E63: 12 | F63: 46955 | G63: Budgeted Nonlabor Units | DF63: 16224 | DG63: 28104 | DH63: 2628
A64: 1CF1255W74A09 | B64: (GTG#11 Electrical) Cable work | C64: 45805 | D64: 45819 | E64: 12 | F64: 46955 | G64: Budgeted Nonlabor Units | DF64: 16224 | DG64: 28104 | DH64: 2628
A65: 1CF1255W86A06 | B65: (GTG#11 Electrical) Installation- GT control Sys. | C65: 45869 | D65: 45891 | E65: 19 | F65: 46955 | G65: Budgeted Nonlabor Units | DO65: 2279 | DP65: 24334 | DQ65: 16616 | DR65: 3726
A66: GTG #11 Starting System(Turning Device) | C66: 45838 | D66: 45839 | E66: 2 | F66: 53200 | G66: Budgeted Nonlabor Units | DK66: 53200
A67: Construction Management | C67: 45838 | D67: 45839 | E67: 2 | F67: 53200 | G67: Budgeted Nonlabor Units | DK67: 53200
A68: Mech Team | C68: 45838 | D68: 45839 | E68: 2 | F68: 53200 | G68: Budgeted Nonlabor Units | DK68: 53200
A69: 1CF1265W42A03 | B69: (Turning Gear) Installation | C69: 45838 | D69: 45839 | E69: 2 | F69: 53200 | G69: Budgeted Nonlabor Units | DK69: 53200
A70: GTG #11 Air Intake System | C70: 45852 | D70: 45898 | E70: 41 | F70: 53200 | G70: Budgeted Nonlabor Units | DM70: 16612 | DN70: 10441 | DO70: 8647 | DR70: 6606 | DS70: 10894
A71: Construction Management | C71: 45852 | D71: 45898 | E71: 41 | F71: 53200 | G71: Budgeted Nonlabor Units | DM71: 16612 | DN71: 10441 | DO71: 8647 | DR71: 6606 | DS71: 10894
A72: Mech Team | C72: 45852 | D72: 45898 | E72: 41 | F72: 53200 | G72: Budgeted Nonlabor Units | DM72: 16612 | DN72: 10441 | DO72: 8647 | DR72: 6606 | DS72: 10894
A73: 1CF1230W20A04 | B73: (Air Intake) Installation_Steel Sturucture(incl. Temp. Protection floor) | C73: 45852 | D73: 45861 | E73: 8 | F73: 18200 | G73: Budgeted Nonlabor Units | DM73: 16612 | DN73: 1588
A74: 1CF1230W64A10 | B74: (Air Intake) Installation_Filter House & Module | C74: 45861 | D74: 45869 | E74: 8 | F74: 17500 | G74: Budgeted Nonlabor Units | DN74: 8853 | DO74: 8647
A75: 1CF1230W64A07 | B75: (Air Intake) Installation_Inlet Duct | C75: 45890 | D75: 45898 | E75: 8 | F75: 17500 | G75: Budgeted Nonlabor Units | DR75: 6606 | DS75: 10894
A76: GTG #11 Air and Flue Gas System | C76: 45805 | D76: 45827 | E76: 20 | F76: 53198 | G76: Budgeted Nonlabor Units | DF76: 7763 | DG76: 11644 | DH76: 19722 | DI76: 14070
A77: Construction Management | C77: 45805 | D77: 45827 | E77: 20 | F77: 53198 | G77: Budgeted Nonlabor Units | DF77: 7763 | DG77: 11644 | DH77: 19722 | DI77: 14070
A78: Mech Team | C78: 45805 | D78: 45827 | E78: 20 | F78: 53198 | G78: Budgeted Nonlabor Units | DF78: 7763 | DG78: 11644 | DH78: 19722 | DI78: 14070
A79: 1CF1230W64A19 | B79: (Air & Flue Gas System) Installation_Expansion Joint & Exhaust Duct | C79: 45805 | D79: 45813 | E79: 8 | F79: 15113 | G79: Budgeted Nonlabor Units | DF79: 7763 | DG79: 7350
A80: 1CF1230W64A13 | B80: (Air & Flue Gas System) Installation_Duct Work | C80: 45813 | D80: 45818 | E80: 4 | F80: 7859 | G80: Budgeted Nonlabor Units | DG80: 4293 | DH80: 3566
A81: 1CF1230W64A14 | B81: (Air & Flue Gas System) Installation_Elec. | C81: 45818 | D81: 45827 | E81: 8 | F81: 15113 | G81: Budgeted Nonlabor Units | DH81: 8078 | DI81: 7035
A82: 1CF1230W64A15 | B82: (Air & Flue Gas System) Installation_I&C. | C82: 45818 | D82: 45827 | E82: 8 | F82: 15113 | G82: Budgeted Nonlabor Units | DH82: 8078 | DI82: 7035
A83: GTG #11 Exhaust Diffuser | C83: 45852 | D83: 45855 | E83: 3 | F83: 6409 | G83: Budgeted Nonlabor Units | DM83: 6409
A84: Construction Management | C84: 45852 | D84: 45855 | E84: 3 | F84: 6409 | G84: Budgeted Nonlabor Units | DM84: 6409
A85: Mech Team | C85: 45852 | D85: 45855 | E85: 3 | F85: 6409 | G85: Budgeted Nonlabor Units | DM85: 6409
A86: 1CF1265W64A04 | B86: (Exhaust Diffuser) Installation_Exhaust Diffuser | C86: 45852 | D86: 45855 | E86: 3 | F86: 6409 | G86: Budgeted Nonlabor Units | DM86: 6409
A87: GTG #11 Lube Oil and Seal Oil System | C87: 45608 | D87: 45772 | E87: 142 | F87: 96879 | G87: Budgeted Nonlabor Units | CD87: 2617 | CE87: 19552 | CF87: 34256 | CG87: 12654 | CH87: 1171 | CX87: 6775 | CY87: 1224 | CZ87: 7765 | DA87: 10866
A88: Construction Management | C88: 45608 | D88: 45772 | E88: 142 | F88: 96879 | G88: Budgeted Nonlabor Units | CD88: 2617 | CE88: 19552 | CF88: 34256 | CG88: 12654 | CH88: 1171 | CX88: 6775 | CY88: 1224 | CZ88: 7765 | DA88: 10866
A89: Civil & Architecture Team | C89: 45608 | D89: 45638 | E89: 26 | F89: 70250 | G89: Budgeted Nonlabor Units | CD89: 2617 | CE89: 19552 | CF89: 34256 | CG89: 12654 | CH89: 1171
A90: 1CF1250W16A01 | B90: (Lube Oil & Seal Oil System) FDN Work_Lube Oil System Module | C90: 45608 | D90: 45638 | E90: 26 | F90: 70250 | G90: Budgeted Nonlabor Units | CD90: 2617 | CE90: 19552 | CF90: 34256 | CG90: 12654 | CH90: 1171
A91: Mech Team | C91: 45747 | D91: 45772 | E91: 23 | F91: 26629 | G91: Budgeted Nonlabor Units | CX91: 6775 | CY91: 1224 | CZ91: 7765 | DA91: 10866
A92: 1CF1250W42A04 | B92: (Lube Oil & Seal Oil System) Installation_Lube Oil System Module | C92: 45747 | D92: 45749 | E92: 3 | F92: 6558 | G92: Budgeted Nonlabor Units | CX92: 6558
A93: 1CF1250W58A13 | B93: (Lube Oil & Seal Oil System) Piping work | C93: 45749 | D93: 45763 | E93: 12 | F93: 1852 | G93: Budgeted Nonlabor Units | CX93: 217 | CY93: 1224 | CZ93: 412
A94: 1CF1250W62A16 | B94: (Lube Oil & Seal Oil System) Lube Oil Flushing | C94: 45763 | D94: 45772 | E94: 8 | F94: 18219 | G94: Budgeted Nonlabor Units | CZ94: 7353 | DA94: 10866
A95: GTG #11 GTG Piping Work (Include Hydro Test) | C95: 45805 | D95: 45834 | E95: 25 | F95: 48592 | G95: Budgeted Nonlabor Units | DF95: 3959 | DG95: 7056 | DH95: 24902 | DI95: 8821 | DJ95: 3854
A96: Construction Management | C96: 45805 | D96: 45834 | E96: 25 | F96: 48592 | G96: Budgeted Nonlabor Units | DF96: 3959 | DG96: 7056 | DH96: 24902 | DI96: 8821 | DJ96: 3854
A97: Mech Team | C97: 45805 | D97: 45834 | E97: 25 | F97: 48592 | G97: Budgeted Nonlabor Units | DF97: 3959 | DG97: 7056 | DH97: 24902 | DI97: 8821 | DJ97: 3854
A98: 1CF1265W42A04.3 | B98: (GTG Piping Work) Cooling & Sealing Air Pipe | C98: 45805 | D98: 45810 | E98: 4 | F98: 4025 | G98: Budgeted Nonlabor Units | DF98: 3959 | DG98: 66
A99: 1CF1265W58A25 | B99: (GTG Piping Work) Fuel Gas Pipe | C99: 45810 | D99: 45814 | E99: 4 | F99: 3450 | G99: Budgeted Nonlabor Units | DG99: 3450
A100: 1CF1265W58A16 | B100: (GTG Piping Work) False Start Drain Pipe | C100: 45814 | D100: 45819 | E100: 4 | F100: 3738 | G100: Budgeted Nonlabor Units | DG100: 1354 | DH100: 2384
...
